t,dist,ncol
1,1,1
2,2,2
3,1,3
4,0,4
5,1,3
6,2,4
7,1,5
8,0,6
9,1,7
10,2,6
11,3,7
12,2,8
13,1,9
14,2,10
15,1,9
16,0,8
17,1,7
18,2,6
19,3,7
20,4,6
21,5,7
22,4,8
23,3,9
24,4,10
25,3,9
26,4,10
27,5,11
28,4,12
29,3,13
30,2,12
31,3,11
32,4,10
33,3,9
34,4,10
35,3,9
36,4,10
37,5,11
38,4,12
39,3,13
40,2,12
41,3,13
42,4,14
43,3,15
44,2,16
45,3,15
46,4,14
47,3,13
48,2,12
49,3,13
50,2,12
51,1,11
52,0,12
53,1,13
54,2,12
55,3,13
56,2,14
57,1,15
58,2,16
59,1,15
60,0,14
61,1,13
62,2,12
63,3,13
64,4,12
65,5,13
66,4,14
67,3,15
68,4,16
69,3,15
70,4,16
71,5,17
72,4,18
73,3,19
74,2,18
75,3,17
76,4,16
77,3,15
78,4,16
79,3,15
80,4,16
81,5,17
82,4,18
83,3,19
84,2,18
85,3,19
86,4,20
87,3,21
88,2,22
89,3,21
90,4,20
91,3,19
92,2,18
93,3,19
94,2,18
95,1,17
96,0,18
97,1,19
98,2,20
99,1,21
100,2,20
101,3,19
102,4,20
103,5,19
104,6,20
105,5,21
106,4,22
107,5,23
108,4,22
109,5,23
110,6,24
111,5,25
112,4,26
113,3,25
114,4,24
115,5,23
116,4,22
117,5,23
118,4,22
119,5,23
120,6,24
121,5,25
122,4,26
123,3,25
124,2,26
125,1,25
126,2,24
127,3,23
128,2,22
129,3,23
130,4,24
131,3,25
132,2,26
133,1,25
134,2,26
135,3,27
136,2,28
137,1,29
138,2,28
139,1,29
140,0,30
141,1,29
142,2,30
143,1,31
144,2,30
145,3,29
146,4,30
147,5,29
148,6,30
149,5,31
150,4,32
151,5,33
152,4,32
153,5,33
154,6,34
155,5,35
156,4,36
157,3,35
158,4,34
159,5,33
160,4,32
161,5,33
162,4,32
163,5,33
164,6,34
165,5,35
166,4,36
167,3,35
168,2,36
169,1,35
170,2,34
171,3,33
172,2,32
173,3,33
174,4,34
175,3,35
176,2,36
177,1,35
178,2,36
179,3,37
180,2,38
181,1,39
182,2,38
183,1,39
184,0,40
185,1,41
186,2,42
187,3,41
188,2,40
189,1,39
190,2,38
191,1,39
192,2,38
193,3,39
194,2,40
195,3,39
196,4,38
197,5,39
198,6,38
199,7,39
200,6,40
201,5,41
202,6,42
203,5,41
204,4,40
205,5,39
206,6,38
207,7,39
208,8,38
209,9,39
210,8,40
211,7,41
212,8,42
213,7,41
214,8,42
215,9,43
216,8,44
217,7,45
218,6,44
219,7,43
220,8,42
221,7,41
222,8,42
223,7,41
224,8,42
225,9,43
226,8,44
227,7,45
228,6,44
229,5,45
230,4,44
231,3,45
232,4,46
233,5,45
234,4,44
235,5,45
236,6,46
237,7,45
238,8,46
239,7,47
240,6,48
241,7,49
242,6,48
243,5,47
244,6,46
245,7,45
246,8,46
247,9,45
248,10,46
249,9,47
250,8,48
251,9,49
252,8,48
253,9,49
254,10,50
255,9,51
256,8,52
257,7,51
258,8,50
259,9,49
260,8,48
261,9,49
262,8,48
263,9,49
264,10,50
265,9,51
266,8,52
267,7,51
268,6,52
269,5,51
270,6,50
271,5,51
272,4,52
273,3,51
274,2,52
275,1,51
276,0,52
277,1,51
278,2,52
279,3,51
280,2,50
281,1,49
282,2,48
283,1,49
284,2,48
285,3,49
286,2,50
287,3,49
288,4,48
289,5,49
290,6,48
291,7,49
292,6,50
293,5,51
294,6,52
295,5,51
296,4,50
297,5,49
298,6,48
299,7,49
300,8,48
301,9,49
302,8,50
303,7,51
304,8,52
305,7,51
306,8,52
307,9,53
308,8,54
309,7,55
310,6,54
311,7,53
312,8,52
313,7,51
314,8,52
315,7,51
316,8,52
317,9,53
318,8,54
319,7,55
320,6,54
321,5,55
322,4,54
323,3,55
324,4,56
325,5,55
326,4,54
327,5,55
328,6,56
329,7,55
330,8,56
331,7,57
332,6,58
333,7,59
334,6,58
335,5,57
336,6,56
337,7,55
338,8,56
339,9,55
340,10,56
341,9,57
342,8,58
343,9,59
344,8,58
345,9,59
346,10,60
347,9,61
348,8,62
349,7,61
350,8,60
351,9,59
352,8,58
353,9,59
354,8,58
355,9,59
356,10,60
357,9,61
358,8,62
359,7,61
360,6,62
361,5,61
362,6,60
363,5,61
364,4,62
365,3,61
366,2,62
367,1,61
368,0,62
369,1,63
370,2,64
371,1,65
372,2,64
373,3,63
374,2,62
375,1,61
376,0,62
377,1,61
378,2,62
379,1,63
380,2,62
381,3,61
382,2,60
383,1,59
384,0,60
385,1,61
386,2,60
387,3,61
388,2,62
389,1,63
390,2,64
391,1,63
392,0,62
393,1,61
394,2,60
395,3,61
396,4,60
397,5,61
398,4,62
399,5,61
400,4,62
401,3,63
402,4,62
403,5,61
404,4,60
405,3,59
406,4,60
407,5,61
408,6,60
409,5,59
410,4,58
411,5,57
412,4,58
413,3,59
414,4,58
415,3,59
416,2,60
417,1,59
418,2,60
419,1,59
420,2,60
421,3,61
422,4,60
423,3,59
424,2,58
425,3,57
426,2,58
427,1,59
428,0,58
429,1,59
430,2,58
431,3,59
432,2,60
433,1,61
434,2,62
435,1,61
436,0,60
437,1,59
438,2,58
439,3,59
440,4,58
441,5,59
442,4,60
443,5,59
444,4,60
445,3,61
446,4,60
447,5,59
448,4,58
449,3,57
450,4,58
451,5,59
452,6,58
453,5,57
454,4,56
455,5,55
456,4,56
457,3,57
458,4,56
459,3,57
460,2,58
461,1,57
462,2,58
463,1,57
464,2,58
465,3,59
466,4,58
467,3,57
468,2,56
469,3,55
470,2,56
471,1,57
472,0,56
473,1,57
474,2,56
475,1,55
476,2,56
477,3,57
478,4,56
479,5,57
480,4,58
481,5,57
482,4,58
483,3,59
484,4,60
485,5,61
486,6,60
487,7,61
488,6,62
489,5,63
490,6,64
491,5,63
492,4,62
493,5,61
494,6,60
495,7,61
496,8,60
497,9,61
498,10,60
499,11,61
500,10,62
501,9,63
502,10,64
503,9,63
504,8,62
505,9,61
506,10,60
507,11,61
508,12,60
509,13,61
510,12,62
511,11,63
512,12,64
513,11,63
514,12,64
515,13,65
516,12,66
517,11,67
518,10,66
519,11,65
520,12,64
521,11,63
522,12,64
523,11,63
524,12,64
525,13,65
526,12,66
527,11,67
528,10,66
529,9,67
530,8,66
531,9,65
532,8,66
533,7,67
534,6,66
535,7,65
536,6,66
537,7,65
538,6,66
539,5,67
540,4,66
541,5,65
542,6,66
543,5,67
544,4,68
545,5,69
546,6,68
547,5,67
548,6,68
549,7,69
550,8,68
551,7,67
552,6,66
553,7,65
554,6,66
555,5,67
556,4,66
557,5,65
558,6,66
559,7,65
560,8,66
561,7,67
562,6,68
563,7,69
564,6,68
565,7,69
566,8,70
567,7,71
568,6,72
569,5,71
570,6,70
571,7,69
572,6,68
573,7,69
574,8,68
575,9,69
576,8,70
577,7,71
578,8,72
579,7,71
580,8,72
581,9,73
582,8,74
583,7,75
584,6,74
585,7,73
586,8,72
587,7,71
588,8,72
589,7,71
590,6,70
591,7,69
592,8,68
593,9,69
594,10,68
595,11,69
596,10,70
597,9,71
598,10,72
599,9,71
600,10,72
601,9,71
602,10,72
603,11,73
604,10,74
605,9,75
606,8,74
607,7,75
608,8,76
609,7,75
610,8,76
611,9,77
612,10,76
613,9,75
614,10,76
615,11,77
616,10,78
617,9,79
618,8,78
619,9,77
620,8,78
621,7,79
622,6,78
623,5,79
624,6,80
625,5,79
626,6,80
627,7,81
628,6,82
629,5,83
630,4,82
631,5,81
632,6,80
633,5,79
634,6,80
635,5,79
636,6,80
637,7,81
638,6,82
639,5,83
640,4,82
641,5,83
642,6,84
643,5,85
644,4,86
645,5,85
646,6,84
647,5,83
648,4,82
649,5,83
650,4,82
651,3,81
652,2,82
653,3,81
654,2,82
655,1,83
656,0,82
657,1,81
658,2,82
659,1,83
660,0,84
661,1,85
662,2,84
663,1,83
664,2,84
665,3,85
666,4,84
667,5,85
668,4,86
669,3,87
670,4,88
671,3,87
672,2,86
673,3,85
674,4,84
675,5,85
676,6,84
677,7,85
678,6,86
679,7,85
680,8,84
681,7,83
682,6,82
683,5,83
684,6,84
685,5,83
686,6,84
687,7,85
688,8,84
689,7,83
690,6,82
691,7,81
692,6,82
693,5,83
694,4,82
695,5,81
696,6,80
697,5,79
698,6,80
699,7,81
700,8,80
701,9,81
702,8,82
703,7,83
704,8,84
705,7,83
706,8,84
707,9,85
708,8,86
709,7,87
710,6,86
711,7,85
712,8,84
713,7,83
714,8,84
715,7,83
716,8,84
717,9,85
718,8,86
719,7,87
720,6,86
721,7,85
722,8,84
723,7,83
724,8,84
725,9,83
726,10,84
727,9,85
728,8,86
729,9,87
730,8,86
731,9,87
732,10,88
733,9,89
734,8,90
735,7,89
736,8,88
737,9,87
738,8,86
739,9,87
740,8,86
741,9,87
742,8,86
743,9,87
744,10,88
745,11,87
746,12,88
747,11,89
748,10,90
749,11,91
750,10,90
751,9,89
752,10,88
753,11,87
754,12,88
755,13,87
756,14,88
757,13,89
758,12,90
759,13,91
760,12,90
761,13,91
762,14,92
763,13,93
764,12,94
765,11,93
766,12,92
767,13,91
768,12,90
769,13,91
770,12,90
771,13,91
772,14,92
773,13,93
774,12,94
775,11,93
776,10,94
777,9,93
778,10,92
779,9,93
780,8,94
781,7,93
782,6,94
783,5,93
784,6,92
785,5,93
786,4,94
787,5,95
788,6,96
789,7,95
790,6,94
791,7,95
792,6,94
793,7,95
794,8,96
795,7,97
796,6,98
797,5,97
798,4,98
799,3,97
800,4,96
801,3,97
802,2,98
803,3,99
804,4,100
805,5,99
806,4,98
807,5,99
808,6,100
809,5,101
810,4,102
811,3,101
812,4,100
813,3,101
814,4,100
815,5,99
816,4,98
817,3,97
818,2,98
819,1,97
820,2,96
821,3,97
822,2,98
823,1,99
824,2,100
825,3,99
826,2,98
827,3,99
828,4,100
829,3,101
830,2,102
831,1,101
832,2,100
833,3,101
834,4,100
835,5,101
836,4,102
837,5,101
838,4,102
839,5,101
840,4,102
841,3,103
842,4,104
843,5,105
844,6,104
845,7,105
846,6,106
847,5,107
848,6,108
849,5,107
850,4,106
851,5,105
852,6,104
853,7,105
854,8,104
855,7,103
856,8,104
857,9,105
858,8,106
859,7,107
860,6,106
861,7,105
862,6,106
863,7,105
864,6,106
865,5,107
866,6,108
867,7,109
868,8,108
869,7,107
870,6,106
871,7,105
872,6,106
873,7,105
874,8,106
875,9,105
876,10,106
877,9,107
878,8,108
879,9,109
880,8,108
881,7,107
882,8,106
883,9,105
884,10,106
885,11,105
886,12,106
887,11,107
888,10,108
889,11,109
890,10,108
891,11,109
892,12,110
893,11,111
894,10,112
895,9,111
896,10,110
897,11,109
898,10,108
899,11,109
900,10,108
901,11,109
902,12,110
903,11,111
904,10,112
905,9,111
906,10,112
907,11,113
908,10,114
909,9,115
910,10,114
911,11,113
912,10,112
913,9,111
914,10,112
915,9,111
916,8,110
917,7,111
918,8,112
919,9,113
920,8,114
921,9,113
922,10,112
923,11,113
924,12,112
925,13,113
926,12,114
927,11,115
928,12,116
929,11,115
930,12,116
931,13,117
932,12,118
933,11,119
934,10,118
935,11,117
936,12,116
937,11,115
938,12,116
939,11,115
940,10,114
941,11,113
942,12,112
943,13,113
944,14,112
945,15,113
946,14,114
947,13,115
948,14,116
949,13,115
950,14,116
951,15,117
952,14,118
953,13,119
954,12,118
955,13,117
956,14,116
957,13,115
958,14,116
959,13,115
960,14,116
961,15,117
962,14,118
963,13,119
964,12,118
965,11,119
966,12,120
967,11,119
968,10,118
969,11,117
970,12,116
971,13,117
972,12,118
973,13,117
974,14,116
975,13,115
976,12,114
977,11,115
978,12,116
979,11,115
980,12,116
981,13,117
982,14,116
983,15,117
984,14,118
985,15,117
986,16,116
987,17,117
988,16,118
989,15,119
990,16,120
991,15,119
992,14,118
993,13,119
994,14,120
995,13,119
996,12,118
997,13,117
998,14,116
999,15,117
1000,14,118
1001,15,117
1002,16,116
1003,17,117
1004,18,116
1005,19,117
1006,18,118
1007,17,119
1008,18,120
1009,17,119
1010,18,120
1011,19,121
1012,18,122
1013,17,123
1014,16,122
1015,17,121
1016,18,120
1017,17,119
1018,18,120
1019,17,119
1020,18,120
1021,19,121
1022,18,122
1023,17,123
1024,16,122
1025,15,123
1026,16,124
1027,17,125
1028,16,126
1029,17,125
1030,18,124
1031,17,123
1032,16,122
1033,15,123
1034,14,122
1035,15,121
1036,16,120
1037,15,119
1038,16,120
1039,15,119
1040,16,120
1041,17,121
1042,16,122
1043,15,123
1044,14,122
1045,13,123
1046,12,122
1047,13,121
1048,12,122
1049,11,123
1050,10,122
1051,11,121
1052,12,120
1053,11,119
1054,12,120
1055,13,121
1056,14,120
1057,13,119
1058,14,120
1059,15,121
1060,14,122
1061,13,123
1062,12,122
1063,13,121
1064,12,122
1065,11,123
1066,10,122
1067,9,123
1068,8,122
1069,9,121
1070,10,120
1071,9,119
1072,10,120
1073,9,119
1074,8,118
1075,9,117
1076,10,116
1077,11,117
1078,10,118
1079,9,119
1080,10,120
1081,9,119
1082,10,120
1083,9,119
1084,8,118
1085,7,119
1086,8,120
1087,9,121
1088,8,122
1089,9,121
1090,10,120
1091,11,121
1092,12,120
1093,11,119
1094,12,120
1095,13,121
1096,12,122
1097,11,123
1098,10,122
1099,11,121
1100,10,122
1101,9,123
1102,10,124
1103,11,125
1104,12,124
1105,11,123
1106,12,124
1107,11,123
1108,12,124
1109,13,125
1110,12,126
1111,11,127
1112,10,126
1113,9,127
1114,8,126
1115,9,125
1116,10,124
1117,9,123
1118,10,124
1119,11,125
1120,10,126
1121,9,127
1122,8,126
1123,7,127
1124,8,128
1125,9,129
1126,8,130
1127,9,129
1128,8,130
1129,7,131
1130,6,130
1131,5,131
1132,6,132
1133,7,133
1134,6,134
1135,7,133
1136,6,134
1137,5,135
1138,4,134
1139,5,133
1140,6,132
1141,5,131
1142,6,132
1143,7,133
1144,8,132
1145,7,131
1146,6,130
1147,7,129
1148,6,130
1149,5,131
1150,4,130
1151,3,131
1152,4,132
1153,5,131
1154,4,130
1155,5,131
1156,6,132
1157,5,133
1158,4,134
1159,3,133
1160,4,132
1161,5,133
1162,4,134
1163,5,133
1164,4,134
1165,3,135
1166,4,136
1167,5,137
1168,6,136
1169,5,135
1170,4,134
1171,5,133
1172,4,134
1173,5,133
1174,4,134
1175,3,135
1176,2,134
1177,1,135
1178,2,136
1179,1,135
1180,2,136
1181,3,135
1182,2,134
1183,3,135
1184,2,134
1185,3,135
1186,4,136
1187,3,137
1188,2,138
1189,1,137
1190,2,136
1191,3,135
1192,2,134
1193,3,135
1194,4,134
1195,5,135
1196,6,134
1197,7,135
1198,6,136
1199,5,137
1200,6,138
1201,5,137
1202,6,138
1203,7,139
1204,6,140
1205,5,141
1206,4,140
1207,5,139
1208,6,138
1209,5,137
1210,6,138
1211,5,137
1212,6,138
1213,5,137
1214,6,138
1215,7,139
1216,6,140
1217,5,141
1218,4,140
1219,3,141
1220,4,142
1221,5,143
1222,4,144
1223,5,143
1224,6,142
1225,5,141
1226,4,140
1227,3,141
1228,2,140
1229,3,141
1230,4,142
1231,5,141
1232,4,140
1233,5,141
1234,6,142
1235,7,141
1236,6,140
1237,7,141
1238,6,140
1239,7,141
1240,8,142
1241,9,141
1242,8,140
1243,9,141
1244,10,142
1245,9,143
1246,8,144
1247,7,143
1248,8,142
1249,7,143
1250,6,144
1251,5,143
1252,6,142
1253,7,141
1254,6,140
1255,7,141
1256,8,142
1257,9,141
1258,8,140
1259,9,141
1260,8,140
1261,9,141
1262,10,142
1263,9,143
1264,8,144
1265,7,143
1266,8,142
1267,9,141
1268,8,140
1269,9,141
1270,10,140
1271,11,141
1272,10,142
1273,9,143
1274,10,144
1275,9,143
1276,8,142
1277,9,141
1278,10,140
1279,11,141
1280,12,140
1281,13,141
1282,14,140
1283,13,139
1284,14,140
1285,15,141
1286,16,140
1287,17,141
1288,16,142
1289,15,143
1290,16,144
1291,15,143
1292,14,142
1293,15,141
1294,16,140
1295,17,141
1296,18,140
1297,19,141
1298,18,142
1299,17,143
1300,18,144
1301,17,143
1302,18,144
1303,17,143
1304,18,144
1305,19,145
1306,20,144
1307,21,145
1308,20,146
1309,19,147
1310,20,148
1311,19,147
1312,18,146
1313,19,145
1314,20,144
1315,21,145
1316,22,144
1317,23,145
1318,22,146
1319,21,147
1320,22,148
1321,21,147
1322,22,148
1323,23,149
1324,22,150
1325,21,151
1326,20,150
1327,21,149
1328,22,148
1329,21,147
1330,22,148
1331,21,147
1332,22,148
1333,23,149
1334,22,150
1335,21,151
1336,20,150
1337,19,151
1338,18,150
1339,17,151
1340,18,152
1341,17,151
1342,16,150
1343,17,149
1344,18,148
1345,19,149
1346,18,150
1347,19,149
1348,18,150
1349,17,151
1350,18,152
1351,19,153
1352,20,152
1353,19,151
1354,18,150
1355,19,149
1356,18,150
1357,19,149
1358,18,150
1359,17,151
1360,16,150
1361,17,149
1362,18,148
1363,17,147
1364,18,148
1365,19,149
1366,20,148
1367,21,149
1368,20,150
1369,21,149
1370,20,150
1371,19,151
1372,20,152
1373,21,153
1374,22,152
1375,21,151
1376,20,150
1377,21,149
1378,20,150
1379,21,149
1380,20,150
1381,19,151
1382,18,150
1383,19,149
1384,18,150
1385,17,151
1386,18,152
1387,19,153
1388,20,152
1389,19,151
1390,20,152
1391,21,153
1392,22,152
1393,23,153
1394,22,154
1395,21,155
1396,22,156
1397,21,155
1398,20,154
1399,21,153
1400,22,152
1401,23,153
1402,24,152
1403,25,153
1404,24,154
1405,23,155
1406,24,156
1407,23,155
1408,24,156
1409,25,157
1410,24,158
1411,23,159
1412,22,158
1413,23,157
1414,24,156
1415,23,155
1416,24,156
1417,23,155
1418,22,154
1419,21,155
1420,22,156
1421,23,157
1422,22,158
1423,23,157
1424,24,156
1425,25,157
1426,26,156
1427,27,157
1428,26,158
1429,25,159
1430,26,160
1431,25,159
1432,26,160
1433,27,161
1434,26,162
1435,25,163
1436,24,162
1437,25,161
1438,26,160
1439,25,159
1440,26,160
1441,25,159
1442,26,160
1443,27,161
1444,26,162
1445,25,163
1446,24,162
1447,23,163
1448,22,162
1449,23,161
1450,24,160
1451,23,159
1452,24,160
1453,25,161
1454,24,162
1455,23,163
1456,22,162
1457,21,163
1458,20,162
1459,21,161
1460,22,160
1461,21,159
1462,22,160
1463,21,159
1464,22,160
1465,21,159
1466,22,160
1467,23,161
1468,22,162
1469,21,163
1470,20,162
1471,19,163
1472,20,164
1473,21,165
1474,20,166
1475,21,165
1476,22,164
1477,21,163
1478,20,162
1479,19,163
1480,18,162
1481,19,161
1482,18,162
1483,17,163
1484,18,164
1485,19,165
1486,20,164
1487,19,163
1488,20,164
1489,19,163
1490,20,164
1491,21,165
1492,20,166
1493,19,167
1494,18,166
1495,17,167
1496,18,168
1497,19,169
1498,18,170
1499,19,169
1500,20,168
1501,19,167
1502,18,166
1503,17,167
1504,16,166
1505,17,165
1506,16,166
1507,15,167
1508,14,166
1509,15,165
1510,16,164
1511,15,163
1512,16,164
1513,17,165
1514,18,164
1515,17,163
1516,18,164
1517,17,163
1518,18,164
1519,19,165
1520,18,166
1521,17,167
1522,16,166
1523,15,167
1524,16,168
1525,17,169
1526,16,170
1527,17,169
1528,18,168
1529,17,167
1530,16,166
1531,15,167
1532,14,166
1533,13,167
1534,12,166
1535,13,165
1536,14,164
1537,13,163
1538,14,164
1539,15,165
1540,14,166
1541,13,167
1542,12,166
1543,11,167
1544,10,166
1545,11,165
1546,12,164
1547,11,163
1548,12,164
1549,11,163
1550,12,164
1551,13,165
1552,12,166
1553,11,167
1554,10,166
1555,11,165
1556,12,164
1557,11,163
1558,12,164
1559,11,163
1560,12,164
1561,13,165
1562,12,166
1563,11,167
1564,10,166
1565,11,167
1566,12,168
1567,11,169
1568,10,170
1569,11,169
1570,12,168
1571,11,167
1572,10,166
1573,11,167
1574,10,166
1575,9,165
1576,10,164
1577,11,163
1578,12,164
1579,13,163
1580,14,164
1581,13,165
1582,12,166
1583,13,167
1584,12,166
1585,13,167
1586,14,168
1587,13,169
1588,12,170
1589,11,169
1590,12,168
1591,13,167
1592,12,166
1593,13,167
1594,12,166
1595,13,167
1596,14,168
1597,13,169
1598,12,170
1599,11,169
1600,10,170
1601,9,169
1602,8,170
1603,7,169
1604,8,168
1605,9,167
1606,8,166
1607,9,167
1608,10,168
1609,9,169
1610,8,170
1611,7,169
1612,6,170
1613,7,169
1614,6,170
1615,5,171
1616,4,170
1617,5,169
1618,4,170
1619,3,171
1620,4,172
1621,5,173
1622,6,172
1623,5,171
1624,6,172
1625,7,173
1626,8,172
1627,9,173
1628,10,172
1629,11,173
1630,10,174
1631,11,173
1632,10,174
1633,11,173
1634,12,172
1635,13,173
1636,14,172
1637,15,173
1638,14,174
1639,13,175
1640,14,176
1641,13,175
1642,14,176
1643,13,175
1644,14,176
1645,13,175
1646,14,176
1647,13,175
1648,12,174
1649,11,175
1650,12,176
1651,13,177
1652,12,178
1653,13,177
1654,14,176
1655,15,177
1656,16,176
1657,15,175
1658,16,176
1659,17,177
1660,16,178
1661,15,179
1662,14,178
1663,15,177
1664,14,178
1665,13,179
1666,14,180
1667,15,181
1668,16,180
1669,15,179
1670,16,180
1671,15,179
1672,16,180
1673,17,181
1674,16,182
1675,15,183
1676,14,182
1677,13,183
1678,12,182
1679,13,181
1680,14,180
1681,13,179
1682,14,180
1683,15,181
1684,14,182
1685,13,183
1686,12,182
1687,11,183
1688,12,184
1689,13,183
1690,12,182
1691,13,183
1692,14,184
1693,15,183
1694,16,184
1695,15,185
1696,14,186
1697,15,187
1698,14,186
1699,13,185
1700,14,184
1701,15,183
1702,16,184
1703,17,183
1704,18,184
1705,17,185
1706,16,186
1707,17,187
1708,16,186
1709,17,187
1710,18,188
1711,17,189
1712,16,190
1713,15,189
1714,16,188
1715,17,187
1716,16,186
1717,17,187
1718,16,186
1719,17,187
1720,18,188
1721,17,189
1722,16,190
1723,15,189
1724,14,190
1725,13,189
1726,14,188
1727,13,189
1728,12,190
1729,11,189
1730,10,190
1731,11,191
1732,10,190
1733,9,189
1734,10,188
1735,11,187
1736,12,188
1737,11,189
1738,12,188
1739,13,187
1740,12,186
1741,11,185
1742,10,186
1743,11,187
1744,10,186
1745,11,187
1746,12,188
1747,11,189
1748,10,190
1749,9,189
1750,8,190
1751,9,191
1752,8,190
1753,7,189
1754,6,190
1755,5,189
1756,6,188
1757,7,187
1758,6,186
1759,7,187
1760,6,186
1761,5,185
1762,6,184
1763,7,183
1764,8,184
1765,7,185
1766,6,186
1767,7,187
1768,6,186
1769,7,187
1770,8,188
1771,9,187
1772,8,186
1773,9,187
1774,10,188
1775,11,187
1776,10,186
1777,11,187
1778,12,188
1779,11,189
1780,10,190
1781,9,189
1782,10,188
1783,9,189
1784,8,190
1785,7,189
1786,8,188
1787,7,189
1788,6,190
1789,5,189
1790,4,190
1791,5,191
1792,4,190
1793,3,189
1794,2,190
1795,3,191
1796,4,192
1797,3,193
1798,4,192
1799,5,191
1800,6,192
1801,5,193
1802,6,192
1803,7,191
1804,6,190
1805,5,189
1806,4,190
1807,5,191
1808,4,190
1809,3,189
1810,2,190
1811,1,189
1812,2,188
1813,3,189
1814,4,188
1815,3,187
1816,2,186
1817,3,185
1818,2,186
1819,1,187
1820,2,188
1821,3,189
1822,4,188
1823,5,189
1824,6,188
1825,7,189
1826,6,190
1827,7,189
1828,6,190
1829,5,191
1830,4,190
1831,5,189
1832,4,190
1833,5,189
1834,6,188
1835,7,189
1836,8,188
1837,9,189
1838,10,188
1839,11,189
1840,10,190
1841,9,191
1842,10,192
1843,9,191
1844,8,190
1845,9,189
1846,10,188
1847,11,189
1848,12,188
1849,11,187
1850,10,186
1851,11,185
1852,10,186
1853,11,185
1854,10,186
1855,11,185
1856,10,186
1857,11,185
1858,12,184
1859,11,183
1860,10,182
1861,9,183
1862,10,184
1863,11,185
1864,10,186
1865,11,185
1866,12,186
1867,13,185
1868,14,186
1869,13,187
1870,12,188
1871,13,189
1872,12,188
1873,13,189
1874,14,190
1875,13,191
1876,12,192
1877,11,191
1878,12,190
1879,13,189
1880,12,188
1881,13,189
1882,14,188
1883,15,189
1884,14,190
1885,13,191
1886,14,192
1887,13,191
1888,14,192
1889,15,193
1890,14,194
1891,13,195
1892,12,194
1893,13,193
1894,14,192
1895,13,191
1896,14,192
1897,13,191
1898,14,192
1899,15,193
1900,14,194
1901,13,195
1902,12,194
1903,11,195
1904,10,194
1905,9,195
1906,10,194
1907,11,193
1908,12,194
1909,13,193
1910,12,192
1911,13,193
1912,14,194
1913,15,193
1914,16,194
1915,15,195
1916,14,196
1917,15,197
1918,14,196
1919,13,195
1920,14,194
1921,15,193
1922,16,194
1923,17,193
1924,18,194
1925,17,195
1926,16,196
1927,17,197
1928,16,196
1929,17,197
1930,18,198
1931,17,199
1932,16,200
1933,15,199
1934,16,198
1935,17,197
1936,16,196
1937,17,197
1938,16,196
1939,17,197
1940,18,198
1941,17,199
1942,16,200
1943,15,199
1944,14,200
1945,13,199
1946,14,200
1947,15,201
1948,16,200
1949,17,201
1950,16,202
1951,15,203
1952,16,204
1953,15,203
1954,14,202
1955,15,201
1956,16,200
1957,17,201
1958,18,200
1959,19,201
1960,18,202
1961,17,203
1962,18,204
1963,17,203
1964,18,204
1965,17,203
1966,16,202
1967,15,203
1968,14,202
1969,15,201
1970,14,202
1971,13,203
1972,12,202
1973,11,203
1974,12,204
1975,11,203
1976,12,204
1977,11,203
1978,10,202
1979,11,201
1980,12,200
1981,13,201
1982,12,202
1983,11,203
1984,12,204
1985,11,203
1986,12,204
1987,13,205
1988,14,204
1989,15,205
1990,14,206
1991,15,205
1992,14,206
1993,13,207
1994,12,206
1995,13,205
1996,12,206
1997,13,205
1998,14,204
1999,13,203
2000,12,202
2001,11,203
2002,12,202
2003,13,201
2004,14,202
2005,13,203
2006,12,204
2007,13,205
2008,12,204
2009,11,203
2010,12,204
2011,13,205
2012,12,206
2013,11,207
2014,12,206
2015,13,205
2016,14,206
2017,15,205
2018,16,206
2019,15,207
2020,16,206
2021,15,207
2022,14,208
2023,15,209
2024,16,210
2025,17,209
2026,16,208
2027,15,207
2028,16,206
2029,15,207
2030,16,206
2031,15,207
2032,14,208
2033,15,209
2034,16,210
2035,17,209
2036,18,210
2037,17,211
2038,16,212
2039,17,213
2040,16,212
2041,15,211
2042,16,210
2043,17,209
2044,18,210
2045,19,209
2046,20,210
2047,19,211
2048,18,212
2049,19,213
2050,18,212
2051,19,213
2052,20,214
2053,19,215
2054,18,216
2055,17,215
2056,18,214
2057,19,213
2058,18,212
2059,19,213
2060,18,212
2061,17,211
2062,16,212
2063,17,213
2064,18,214
2065,17,215
2066,18,214
2067,19,213
2068,20,214
2069,21,213
2070,22,214
2071,21,215
2072,20,216
2073,21,217
2074,20,216
2075,21,217
2076,22,218
2077,21,219
2078,20,220
2079,19,219
2080,20,218
2081,21,217
2082,20,216
2083,21,217
2084,20,216
2085,21,217
2086,22,218
2087,21,219
2088,20,220
2089,19,219
2090,18,220
2091,17,219
2092,18,218
2093,19,217
2094,18,216
2095,19,217
2096,20,218
2097,19,219
2098,18,220
2099,17,219
2100,16,220
2101,15,219
2102,16,218
2103,17,217
2104,16,216
2105,17,217
2106,16,216
2107,17,217
2108,16,216
2109,17,217
2110,18,218
2111,17,219
2112,16,220
2113,15,219
2114,16,220
2115,15,219
2116,16,220
2117,15,219
2118,14,218
2119,13,219
2120,12,218
2121,13,217
2122,14,218
2123,13,219
2124,14,218
2125,13,219
2126,14,218
2127,15,217
2128,16,218
2129,15,219
2130,14,220
2131,15,221
2132,14,220
2133,13,219
2134,12,220
2135,13,221
2136,14,222
2137,13,223
2138,14,222
2139,15,221
2140,16,222
2141,17,221
2142,18,222
2143,17,223
2144,16,224
2145,17,225
2146,16,224
2147,17,225
2148,18,226
2149,17,227
2150,16,228
2151,15,227
2152,16,226
2153,17,225
2154,16,224
2155,17,225
2156,16,224
2157,15,223
2158,14,224
2159,13,223
2160,14,222
2161,15,221
2162,14,220
2163,15,221
2164,14,220
2165,15,221
2166,16,220
2167,17,221
2168,16,222
2169,15,223
2170,16,224
2171,15,223
2172,14,222
2173,15,221
2174,16,220
2175,17,221
2176,18,220
2177,17,219
2178,16,218
2179,17,217
2180,16,218
2181,17,217
2182,18,216
2183,19,217
2184,18,218
2185,17,219
2186,18,220
2187,17,219
2188,16,218
2189,15,219
2190,16,220
2191,17,221
2192,16,222
2193,17,221
2194,18,220
2195,19,221
2196,20,220
2197,21,221
2198,20,222
2199,19,223
2200,20,224
2201,19,223
2202,20,224
2203,21,225
2204,20,226
2205,19,227
2206,18,226
2207,19,225
2208,20,224
2209,19,223
2210,20,224
2211,19,223
2212,18,222
2213,17,223
2214,18,224
2215,19,225
2216,18,226
2217,19,225
2218,20,224
2219,21,225
2220,22,224
2221,23,225
2222,22,226
2223,21,227
2224,22,228
2225,21,227
2226,22,228
2227,23,229
2228,22,230
2229,21,231
2230,20,230
2231,21,229
2232,22,228
2233,21,227
2234,22,228
2235,21,227
2236,22,228
2237,23,229
2238,22,230
2239,21,231
2240,20,230
2241,19,231
2242,20,232
2243,21,233
2244,20,234
2245,21,233
2246,22,232
2247,21,231
2248,20,230
2249,19,231
2250,18,230
2251,19,229
2252,20,228
2253,19,227
2254,20,228
2255,19,227
2256,20,228
2257,21,229
2258,20,230
2259,19,231
2260,18,230
2261,17,231
2262,18,232
2263,17,231
2264,16,230
2265,17,229
2266,18,228
2267,19,229
2268,18,230
2269,19,229
2270,20,228
2271,19,227
2272,18,226
2273,17,227
2274,18,228
2275,17,227
2276,18,228
2277,19,229
2278,20,228
2279,21,229
2280,20,230
2281,21,229
2282,22,228
2283,21,227
2284,20,226
2285,19,227
2286,20,228
2287,19,227
2288,18,226
2289,19,225
2290,20,224
2291,21,225
2292,20,226
2293,21,225
2294,20,226
2295,19,227
2296,20,228
2297,21,229
2298,22,228
2299,23,229
2300,22,230
2301,23,229
2302,24,228
2303,25,229
2304,24,230
2305,23,231
2306,24,232
2307,23,231
2308,22,230
2309,21,231
2310,22,232
2311,21,231
2312,20,230
2313,21,229
2314,22,228
2315,23,229
2316,22,230
2317,23,229
2318,24,228
2319,25,229
2320,26,228
2321,27,229
2322,26,230
2323,25,231
2324,26,232
2325,25,231
2326,26,232
2327,27,233
2328,26,234
2329,25,235
2330,24,234
2331,25,233
2332,26,232
2333,25,231
2334,26,232
2335,25,231
2336,24,230
2337,25,229
2338,26,228
2339,27,229
2340,28,228
2341,29,229
2342,28,230
2343,27,231
2344,28,232
2345,27,231
2346,28,232
2347,29,233
2348,28,234
2349,27,235
2350,26,234
2351,27,233
2352,28,232
2353,27,231
2354,28,232
2355,27,231
2356,26,230
2357,27,229
2358,28,228
2359,29,229
2360,30,228
2361,31,229
2362,30,230
2363,29,231
2364,30,232
2365,29,231
2366,30,232
2367,31,233
2368,30,234
2369,29,235
2370,28,234
2371,29,233
2372,30,232
2373,29,231
2374,30,232
2375,29,231
2376,30,232
2377,31,233
2378,30,234
2379,29,235
2380,28,234
2381,27,235
2382,26,234
2383,25,235
2384,24,234
2385,23,235
2386,24,236
2387,23,235
2388,24,236
2389,23,235
2390,22,234
2391,21,235
2392,22,236
2393,23,237
2394,22,238
2395,23,237
2396,24,236
2397,25,237
2398,26,236
2399,25,235
2400,26,236
2401,27,237
2402,26,238
2403,25,239
2404,24,238
2405,25,237
2406,24,238
2407,23,239
2408,24,240
2409,25,241
2410,26,240
2411,25,239
2412,26,240
2413,25,239
2414,26,240
2415,27,241
2416,26,242
2417,25,243
2418,24,242
2419,23,243
2420,22,242
2421,23,241
2422,24,240
2423,23,239
2424,24,240
2425,25,241
2426,24,242
2427,23,243
2428,22,242
2429,21,243
2430,22,244
2431,21,243
2432,20,242
2433,19,243
2434,20,244
2435,19,243
2436,18,242
2437,17,243
2438,18,244
2439,17,243
2440,16,242
2441,15,243
2442,14,242
2443,15,241
2444,14,242
2445,15,241
2446,14,242
2447,13,243
2448,12,242
2449,11,243
2450,10,242
2451,9,243
2452,10,244
2453,9,243
2454,8,242
2455,9,241
2456,10,240
2457,11,241
2458,10,242
2459,11,241
2460,12,240
2461,11,239
2462,10,238
2463,9,239
2464,10,240
2465,9,239
2466,10,240
2467,11,241
2468,10,242
2469,9,243
2470,8,242
2471,7,243
2472,6,242
2473,7,243
2474,6,242
2475,7,243
2476,8,244
2477,9,243
2478,10,244
2479,9,245
2480,8,246
2481,9,247
2482,8,246
2483,7,245
2484,8,244
2485,9,243
2486,10,244
2487,11,243
2488,10,242
2489,11,243
2490,12,244
2491,11,245
2492,10,246
2493,9,245
2494,10,244
2495,9,245
2496,10,244
2497,9,245
2498,10,244
2499,11,243
2500,10,242
2501,9,241
2502,8,242
2503,7,241
2504,6,242
2505,7,241
2506,6,242
2507,5,243
2508,6,244
2509,7,245
2510,8,244
2511,7,243
2512,6,242
2513,7,241
2514,6,242
2515,7,241
2516,8,240
2517,9,241
2518,10,240
2519,9,239
2520,8,238
2521,9,237
2522,8,238
2523,7,239
2524,8,240
2525,9,241
2526,10,240
2527,11,241
2528,10,242
2529,9,243
2530,10,244
2531,9,243
2532,10,244
2533,9,243
2534,10,244
2535,9,243
2536,10,244
2537,11,245
2538,12,244
2539,11,243
2540,10,242
2541,11,241
2542,10,242
2543,9,243
2544,8,242
2545,9,243
2546,8,242
2547,9,243
2548,10,244
2549,9,245
2550,8,246
2551,7,245
2552,6,246
2553,7,247
2554,8,248
2555,7,249
2556,8,248
2557,9,247
2558,8,246
2559,7,245
2560,6,246
2561,7,245
2562,8,244
2563,9,245
2564,10,244
2565,11,245
2566,10,246
2567,9,247
2568,10,248
2569,9,247
2570,8,246
2571,9,245
2572,10,244
2573,11,245
2574,12,244
2575,13,245
2576,12,246
2577,11,247
2578,12,248
2579,11,247
2580,10,246
2581,11,245
2582,12,244
2583,13,245
2584,14,244
2585,15,245
2586,16,244
2587,15,243
2588,14,242
2589,15,241
2590,14,242
2591,15,241
2592,16,240
2593,15,239
2594,14,238
2595,13,239
2596,14,240
2597,15,241
2598,14,242
2599,15,241
2600,14,242
2601,13,243
2602,12,242
2603,13,241
2604,14,240
2605,13,239
2606,14,240
2607,15,241
2608,16,240
2609,17,241
2610,16,242
2611,15,243
2612,16,244
2613,15,243
2614,14,242
2615,15,241
2616,16,240
2617,17,241
2618,18,240
2619,19,241
2620,18,242
2621,19,241
2622,18,242
2623,19,241
2624,20,240
2625,21,241
2626,22,240
2627,23,241
2628,24,240
2629,23,239
2630,24,240
2631,23,239
2632,24,240
2633,23,239
2634,24,240
2635,25,241
2636,24,242
2637,23,243
2638,22,242
2639,21,243
2640,22,244
2641,23,245
2642,22,246
2643,23,245
2644,24,244
2645,23,243
2646,22,242
2647,21,243
2648,20,242
2649,21,241
2650,22,240
2651,21,239
2652,22,240
2653,21,239
2654,22,240
2655,23,241
2656,22,242
2657,21,243
2658,20,242
2659,19,243
2660,20,244
2661,21,245
2662,20,246
2663,21,245
2664,22,244
2665,21,243
2666,20,242
2667,19,243
2668,18,242
2669,19,241
2670,20,240
2671,19,239
2672,20,240
2673,19,239
2674,20,240
2675,21,241
2676,20,242
2677,19,243
2678,18,242
2679,17,243
2680,18,244
2681,19,245
2682,18,246
2683,19,245
2684,20,244
2685,19,243
2686,18,242
2687,17,243
2688,16,242
2689,17,241
2690,18,240
2691,17,239
2692,18,240
2693,17,239
2694,16,238
2695,17,237
2696,18,236
2697,19,237
2698,18,238
2699,17,239
2700,18,240
2701,17,239
2702,18,240
2703,19,241
2704,18,242
2705,17,243
2706,16,242
2707,15,243
2708,14,242
2709,15,241
2710,14,242
2711,13,243
2712,14,244
2713,15,245
2714,16,244
2715,15,243
2716,16,244
2717,15,243
2718,16,244
2719,17,245
2720,16,246
2721,15,247
2722,14,246
2723,15,245
2724,16,244
2725,15,243
2726,16,244
2727,15,243
2728,16,244
2729,17,245
2730,16,246
2731,15,247
2732,14,246
2733,15,247
2734,16,248
2735,15,249
2736,14,250
2737,15,249
2738,16,248
2739,15,247
2740,14,246
2741,15,247
2742,14,246
2743,15,247
2744,14,246
2745,15,247
2746,16,248
2747,15,249
2748,14,250
2749,13,249
2750,12,250
2751,13,251
2752,14,252
2753,13,253
2754,14,252
2755,15,251
2756,14,250
2757,13,249
2758,12,250
2759,11,249
2760,10,250
2761,11,251
2762,10,250
2763,11,251
2764,12,252
2765,11,253
2766,10,254
2767,9,253
2768,8,254
2769,9,255
2770,10,256
2771,9,257
2772,10,256
2773,11,255
2774,10,254
2775,9,253
2776,8,254
2777,9,253
2778,8,254
2779,7,255
2780,6,254
2781,7,255
2782,6,254
2783,5,253
2784,6,252
2785,7,251
2786,8,252
2787,7,253
2788,6,254
2789,7,255
2790,6,254
2791,7,255
2792,8,256
2793,7,257
2794,6,258
2795,5,257
2796,4,258
2797,5,257
2798,4,258
2799,5,257
2800,4,258
2801,3,259
2802,4,260
2803,5,261
2804,6,260
2805,5,259
2806,4,258
2807,5,257
2808,4,258
2809,5,257
2810,4,258
2811,3,259
2812,4,260
2813,5,261
2814,6,260
2815,7,261
2816,8,260
2817,9,261
2818,8,262
2819,9,261
2820,8,262
2821,7,263
2822,8,264
2823,9,265
2824,10,264
2825,11,265
2826,10,266
2827,9,267
2828,10,268
2829,9,267
2830,8,266
2831,9,265
2832,10,264
2833,11,265
2834,12,264
2835,13,265
2836,12,266
2837,11,267
2838,12,268
2839,11,267
2840,12,268
2841,11,267
2842,12,268
2843,13,269
2844,12,270
2845,11,271
2846,10,270
2847,11,269
2848,12,268
2849,11,267
2850,12,268
2851,11,267
2852,10,266
2853,11,265
2854,12,264
2855,13,265
2856,14,264
2857,15,265
2858,16,264
2859,15,263
2860,16,264
2861,15,263
2862,16,264
2863,17,265
2864,16,266
2865,15,267
2866,14,266
2867,13,267
2868,12,266
2869,13,265
2870,14,264
2871,13,263
2872,14,264
2873,13,263
2874,12,262
2875,13,261
2876,14,260
2877,15,261
2878,14,262
2879,13,263
2880,14,264
2881,13,263
2882,14,264
2883,13,263
2884,12,262
2885,11,263
2886,10,262
2887,11,261
2888,10,262
2889,9,263
2890,8,262
2891,9,261
2892,8,262
2893,9,261
2894,10,260
2895,9,259
2896,8,258
2897,7,259
2898,8,260
2899,9,261
2900,8,262
2901,9,261
2902,8,262
2903,9,261
2904,10,260
2905,11,261
2906,10,262
2907,9,263
2908,10,264
2909,9,263
2910,8,262
2911,7,263
2912,6,262
2913,5,263
2914,6,264
2915,7,265
2916,6,266
2917,7,265
2918,8,264
2919,7,263
2920,6,262
2921,5,263
2922,4,262
2923,3,263
2924,4,264
2925,5,265
2926,4,266
2927,5,265
2928,6,264
2929,5,263
2930,4,262
2931,3,263
2932,2,262
2933,3,261
2934,4,260
2935,3,259
2936,4,260
2937,5,259
2938,4,258
2939,3,257
2940,4,256
2941,5,257
2942,4,258
2943,3,259
2944,4,260
2945,5,259
2946,6,260
2947,5,261
2948,6,260
2949,7,259
2950,6,258
2951,5,257
2952,4,258
2953,5,259
2954,4,258
2955,5,259
2956,6,260
2957,5,261
2958,4,262
2959,3,261
2960,4,260
2961,5,259
2962,4,258
2963,5,259
2964,4,258
2965,5,259
2966,4,258
2967,3,257
2968,4,256
2969,5,255
2970,6,256
2971,7,255
2972,6,254
2973,5,253
2974,6,252
2975,5,253
2976,4,254
2977,5,255
2978,6,256
2979,7,255
2980,8,256
2981,7,257
2982,6,258
2983,7,259
2984,6,258
2985,7,259
2986,6,258
2987,7,259
2988,8,260
2989,7,261
2990,6,262
2991,5,261
2992,6,260
2993,7,259
2994,6,258
2995,7,259
2996,6,258
2997,7,259
2998,8,260
2999,7,261
3000,6,262
3001,5,261
3002,6,262
3003,5,261
3004,6,262
3005,7,263
3006,8,262
3007,7,261
3008,6,260
3009,7,259
3010,6,260
3011,5,261
3012,4,260
3013,5,259
3014,6,258
3015,5,257
3016,6,258
3017,7,259
3018,8,258
3019,9,259
3020,8,260
3021,7,261
3022,8,262
3023,7,261
3024,8,262
3025,9,263
3026,10,262
3027,11,263
3028,10,264
3029,9,265
3030,10,266
3031,9,265
3032,8,264
3033,9,263
3034,10,262
3035,11,263
3036,12,262
3037,13,263
3038,12,264
3039,11,265
3040,12,266
3041,11,265
3042,12,266
3043,13,267
3044,12,268
3045,11,269
3046,10,268
3047,11,267
3048,12,266
3049,11,265
3050,12,266
3051,11,265
3052,12,266
3053,13,267
3054,12,268
3055,11,269
3056,10,268
3057,9,269
3058,8,268
3059,9,267
3060,8,268
3061,7,269
3062,6,268
3063,5,269
3064,6,270
3065,7,271
3066,6,272
3067,7,271
3068,8,270
3069,7,269
3070,6,268
3071,5,269
3072,4,268
3073,5,267
3074,6,266
3075,5,265
3076,6,266
3077,5,265
3078,6,266
3079,5,265
3080,6,266
3081,7,267
3082,6,268
3083,5,269
3084,4,268
3085,5,267
3086,6,266
3087,5,265
3088,6,266
3089,7,265
3090,8,266
3091,7,267
3092,6,268
3093,7,269
3094,6,268
3095,7,269
3096,6,268
3097,7,269
3098,8,270
3099,7,271
3100,6,272
3101,5,271
3102,4,272
3103,5,273
3104,6,274
3105,5,275
3106,6,274
3107,7,273
3108,6,272
3109,5,271
3110,4,272
3111,3,271
3112,2,272
3113,3,271
3114,4,270
3115,3,269
3116,2,268
3117,3,269
3118,2,268
3119,1,267
3120,2,266
3121,3,265
3122,4,266
3123,3,267
3124,2,268
3125,3,269
3126,2,268
3127,3,269
3128,2,268
3129,1,267
3130,2,266
3131,3,265
3132,4,266
3133,5,265
3134,4,264
3135,3,263
3136,4,262
3137,3,263
3138,2,264
3139,3,265
3140,4,266
3141,5,265
3142,6,266
3143,5,267
3144,6,266
3145,5,267
3146,6,266
3147,5,267
3148,6,266
3149,7,265
3150,8,266
3151,9,265
3152,10,266
3153,9,267
3154,8,268
3155,9,269
3156,8,268
3157,9,269
3158,8,268
3159,7,267
3160,6,268
3161,5,267
3162,4,268
3163,3,267
3164,4,266
3165,5,267
3166,4,268
3167,3,269
3168,4,270
3169,5,269
3170,4,268
3171,5,269
3172,6,270
3173,5,271
3174,4,272
3175,3,271
3176,4,270
3177,5,271
3178,6,270
3179,7,271
3180,8,270
3181,7,269
3182,6,268
3183,7,267
3184,6,268
3185,5,269
3186,6,270
3187,7,271
3188,8,270
3189,9,271
3190,8,272
3191,7,273
3192,8,274
3193,7,273
3194,8,274
3195,9,275
3196,8,276
3197,7,277
3198,6,276
3199,7,275
3200,8,274
3201,7,273
3202,8,274
3203,7,273
3204,6,272
3205,7,273
3206,6,272
3207,5,271
3208,4,272
3209,5,271
3210,6,270
3211,7,271
3212,6,272
3213,7,271
3214,6,272
3215,5,273
3216,4,272
3217,3,273
3218,4,274
3219,3,273
3220,4,274
3221,5,275
3222,4,276
3223,3,277
3224,2,276
3225,3,275
3226,4,274
3227,3,273
3228,4,274
3229,5,273
3230,4,272
3231,5,273
3232,4,272
3233,5,273
3234,4,272
3235,5,273
3236,6,274
3237,5,275
3238,4,276
3239,3,275
3240,4,274
3241,5,273
3242,4,272
3243,5,273
3244,4,272
3245,5,273
3246,6,274
3247,7,273
3248,6,272
3249,7,273
3250,8,274
3251,7,275
3252,6,276
3253,5,275
3254,6,274
3255,5,275
3256,4,276
3257,3,275
3258,4,274
3259,5,273
3260,4,272
3261,5,273
3262,6,274
3263,7,273
3264,6,272
3265,7,273
3266,8,272
3267,7,271
3268,8,272
3269,7,271
3270,6,270
3271,7,269
3272,8,268
3273,9,269
3274,8,270
3275,7,271
3276,8,272
3277,7,271
3278,8,272
3279,9,273
3280,8,274
3281,7,275
3282,6,274
3283,5,275
3284,4,274
3285,5,273
3286,6,272
3287,5,271
3288,6,272
3289,5,271
3290,6,272
3291,5,271
3292,6,272
3293,7,273
3294,6,274
3295,5,275
3296,4,274
3297,5,273
3298,6,272
3299,5,271
3300,6,272
3301,5,271
3302,4,270
3303,5,269
3304,6,268
3305,7,269
3306,8,268
3307,9,269
3308,10,268
3309,11,269
3310,12,268
3311,11,267
3312,12,268
3313,13,269
3314,12,270
3315,11,271
3316,10,270
3317,11,269
3318,10,270
3319,11,269
3320,10,270
3321,11,269
3322,12,268
3323,13,269
3324,14,268
3325,15,269
3326,14,270
3327,13,271
3328,14,272
3329,13,271
3330,14,272
3331,13,271
3332,14,272
3333,13,271
3334,12,270
3335,13,269
3336,14,268
3337,15,269
3338,14,270
3339,13,271
3340,14,272
3341,13,271
3342,14,272
3343,13,271
3344,12,270
3345,13,269
3346,14,268
3347,15,269
3348,16,268
3349,15,267
3350,14,266
3351,15,265
3352,14,266
3353,13,267
3354,14,268
3355,15,269
3356,16,268
3357,17,269
3358,16,270
3359,15,271
3360,16,272
3361,15,271
3362,16,272
3363,15,271
3364,16,272
3365,17,273
3366,16,274
3367,15,275
3368,14,274
3369,13,275
3370,12,274
3371,11,275
3372,10,274
3373,11,273
3374,10,274
3375,9,275
3376,8,274
3377,7,275
3378,6,274
3379,7,273
3380,6,274
3381,7,273
3382,6,274
3383,5,275
3384,6,276
3385,7,277
3386,8,276
3387,7,275
3388,6,274
3389,7,273
3390,6,274
3391,7,273
3392,6,274
3393,5,275
3394,6,276
3395,7,277
3396,8,276
3397,7,275
3398,6,274
3399,7,273
3400,6,274
3401,7,273
3402,6,274
3403,5,275
3404,4,274
3405,3,275
3406,4,276
3407,3,275
3408,2,274
3409,1,275
3410,2,276
3411,1,275
3412,0,274
3413,1,273
3414,2,272
3415,3,273
3416,2,274
3417,3,273
3418,4,272
3419,5,273
3420,4,274
3421,5,273
3422,6,274
3423,5,275
3424,4,276
3425,5,277
3426,6,276
3427,5,275
3428,4,274
3429,5,273
3430,6,274
3431,7,273
3432,8,274
3433,7,275
3434,6,276
3435,7,277
3436,6,276
3437,5,275
3438,6,274
3439,7,273
3440,8,274
3441,9,273
3442,10,274
3443,9,275
3444,10,274
3445,11,273
3446,12,274
3447,11,275
3448,10,276
3449,11,277
3450,10,276
3451,9,275
3452,8,276
3453,9,277
3454,8,276
3455,7,275
3456,8,274
3457,9,273
3458,10,274
3459,9,275
3460,10,274
3461,11,273
3462,12,274
3463,13,273
3464,14,274
3465,13,275
3466,12,276
3467,13,277
3468,12,276
3469,13,277
3470,14,278
3471,13,279
3472,12,280
3473,11,279
3474,12,278
3475,13,277
3476,12,276
3477,13,277
3478,12,276
3479,11,275
3480,12,274
3481,13,273
3482,14,274
3483,15,273
3484,14,272
3485,13,271
3486,14,270
3487,13,271
3488,12,272
3489,13,273
3490,14,274
3491,15,273
3492,16,274
3493,15,275
3494,14,276
3495,15,277
3496,14,276
3497,15,277
3498,14,276
3499,15,277
3500,16,278
3501,15,279
3502,14,280
3503,13,279
3504,12,280
3505,13,281
3506,14,282
3507,13,283
3508,14,282
3509,15,281
3510,14,280
3511,13,279
3512,12,280
3513,11,279
3514,10,280
3515,11,281
3516,10,280
3517,9,279
3518,10,280
3519,11,281
3520,12,280
3521,13,281
3522,12,282
3523,13,281
3524,12,282
3525,11,283
3526,12,284
3527,13,285
3528,14,284
3529,13,283
3530,12,282
3531,13,281
3532,12,282
3533,13,281
3534,14,280
3535,13,279
3536,12,278
3537,11,279
3538,12,278
3539,13,277
3540,14,278
3541,13,279
3542,14,278
3543,13,279
3544,14,278
3545,13,279
3546,14,278
3547,15,277
3548,16,278
3549,17,277
3550,16,276
3551,17,277
3552,16,276
3553,15,275
3554,14,276
3555,13,275
3556,12,276
3557,13,277
3558,14,278
3559,13,279
3560,14,278
3561,15,277
3562,14,276
3563,13,275
3564,12,276
3565,11,275
3566,12,274
3567,11,275
3568,10,276
3569,9,275
3570,10,274
3571,11,273
3572,10,272
3573,11,273
3574,12,274
3575,13,273
3576,12,272
3577,13,273
3578,12,272
3579,13,273
3580,12,272
3581,11,271
3582,12,272
3583,13,273
3584,12,274
3585,11,275
3586,12,274
3587,13,273
3588,14,274
3589,15,273
3590,16,274
3591,17,273
3592,18,274
3593,19,273
3594,18,272
3595,19,273
3596,18,272
3597,17,271
3598,16,272
3599,15,271
3600,14,272
3601,15,273
3602,16,272
3603,15,271
3604,16,272
3605,17,273
3606,18,272
3607,19,273
3608,18,274
3609,17,275
3610,18,276
3611,17,275
3612,16,274
3613,17,273
3614,18,272
3615,19,273
3616,20,272
3617,21,273
3618,20,274
3619,19,275
3620,20,276
3621,19,275
3622,20,276
3623,19,275
3624,18,274
3625,19,273
3626,20,272
3627,21,273
3628,20,274
3629,19,275
3630,20,276
3631,19,275
3632,20,276
3633,21,277
3634,20,278
3635,19,279
3636,18,278
3637,17,279
3638,16,278
3639,17,277
3640,16,278
3641,15,279
3642,16,280
3643,17,281
3644,18,280
3645,17,279
3646,18,280
3647,19,281
3648,18,282
3649,17,283
3650,16,282
3651,17,281
3652,16,282
3653,17,281
3654,16,282
3655,15,283
3656,14,282
3657,15,281
3658,16,282
3659,15,283
3660,16,282
3661,15,283
3662,16,282
3663,15,283
3664,16,282
3665,15,283
3666,14,284
3667,15,285
3668,16,286
3669,17,285
3670,18,286
3671,19,285
3672,20,286
3673,19,287
3674,18,288
3675,19,289
3676,18,288
3677,19,289
3678,20,290
3679,21,289
3680,20,288
3681,19,287
3682,20,286
3683,19,287
3684,18,288
3685,17,287
3686,18,286
3687,19,285
3688,18,284
3689,19,285
3690,20,286
3691,21,285
3692,22,286
3693,23,285
3694,24,286
3695,23,287
3696,22,288
3697,23,289
3698,22,288
3699,21,287
3700,22,286
3701,23,285
3702,24,286
3703,25,285
3704,26,286
3705,25,287
3706,24,288
3707,25,289
3708,24,288
3709,25,289
3710,26,290
3711,25,291
3712,24,292
3713,23,291
3714,24,290
3715,25,289
3716,24,288
3717,25,289
3718,24,288
3719,25,289
3720,26,290
3721,25,291
3722,24,292
3723,23,291
3724,22,292
3725,23,293
3726,24,294
3727,23,295
3728,24,294
3729,25,293
3730,24,292
3731,23,291
3732,22,292
3733,21,291
3734,22,290
3735,21,291
3736,20,292
3737,21,293
3738,22,294
3739,23,293
3740,22,292
3741,23,293
3742,22,292
3743,23,293
3744,24,294
3745,23,295
3746,22,296
3747,21,295
3748,20,296
3749,21,297
3750,22,298
3751,21,299
3752,22,298
3753,23,297
3754,22,296
3755,21,295
3756,20,296
3757,19,295
3758,18,296
3759,17,295
3760,18,294
3761,17,295
3762,18,294
3763,19,293
3764,20,294
3765,21,293
3766,20,292
3767,21,293
3768,20,292
3769,21,293
3770,20,292
3771,21,293
3772,22,294
3773,21,295
3774,20,296
3775,19,295
3776,18,296
3777,17,295
3778,18,296
3779,19,297
3780,18,298
3781,17,299
3782,18,298
3783,17,299
3784,16,300
3785,17,301
3786,18,302
3787,19,301
3788,18,300
3789,17,299
3790,18,298
3791,17,299
3792,18,298
3793,19,297
3794,18,296
3795,17,295
3796,16,296
3797,15,295
3798,16,294
3799,17,293
3800,16,292
3801,17,293
3802,18,294
3803,17,295
3804,16,296
3805,15,295
3806,16,296
3807,15,295
3808,16,296
3809,17,297
3810,18,296
3811,17,295
3812,16,294
3813,17,293
3814,16,294
3815,15,295
3816,14,294
3817,13,295
3818,14,296
3819,15,297
3820,14,298
3821,15,297
3822,16,296
3823,15,295
3824,14,294
3825,13,295
3826,14,294
3827,15,293
3828,16,294
3829,17,293
3830,18,294
3831,17,295
3832,18,294
3833,19,293
3834,18,292
3835,17,291
3836,16,292
3837,17,293
3838,16,292
3839,17,293
3840,16,292
3841,17,293
3842,18,292
3843,17,291
3844,16,290
3845,17,289
3846,18,290
3847,19,289
3848,20,290
3849,21,289
3850,20,288
3851,21,289
3852,20,288
3853,21,289
3854,22,290
3855,21,291
3856,20,292
3857,19,291
3858,20,292
3859,19,291
3860,18,290
3861,17,291
3862,18,290
3863,17,291
3864,16,292
3865,17,293
3866,18,294
3867,19,293
3868,18,292
3869,17,291
3870,18,290
3871,17,291
3872,18,290
3873,17,291
3874,16,292
3875,15,291
3876,16,290
3877,17,289
3878,16,288
3879,17,289
3880,18,290
3881,19,289
3882,20,290
3883,21,289
3884,22,290
3885,21,291
3886,20,292
3887,21,293
3888,20,292
3889,21,293
3890,22,294
3891,21,295
3892,20,296
3893,19,295
3894,20,294
3895,21,293
3896,20,292
3897,21,293
3898,20,292
3899,19,291
3900,18,292
3901,19,293
3902,20,292
3903,21,293
3904,20,294
3905,19,295
3906,20,296
3907,19,295
3908,20,296
3909,21,297
3910,22,296
3911,21,295
3912,22,296
3913,23,297
3914,24,296
3915,25,297
3916,24,298
3917,23,299
3918,24,300
3919,23,299
3920,22,298
3921,23,297
3922,24,296
3923,25,297
3924,26,296
3925,27,297
3926,26,298
3927,25,299
3928,26,300
3929,25,299
3930,26,300
3931,25,299
3932,26,300
3933,27,301
3934,28,300
3935,27,299
3936,28,300
3937,29,301
3938,30,300
3939,29,299
3940,30,300
3941,31,301
3942,32,300
3943,33,301
3944,32,302
3945,31,303
3946,32,304
3947,31,303
3948,30,302
3949,31,301
3950,32,300
3951,33,301
3952,34,300
3953,35,301
3954,34,302
3955,33,303
3956,34,304
3957,33,303
3958,34,304
3959,35,305
3960,34,306
3961,33,307
3962,32,306
3963,33,305
3964,34,304
3965,33,303
3966,34,304
3967,33,303
3968,34,304
3969,35,305
3970,34,306
3971,33,307
3972,32,306
3973,31,307
3974,30,306
3975,31,305
3976,30,306
3977,29,307
3978,28,306
3979,27,307
3980,28,308
3981,27,307
3982,28,308
3983,29,309
3984,28,310
3985,27,311
3986,26,310
3987,27,309
3988,28,308
3989,27,307
3990,28,308
3991,27,307
3992,26,306
3993,27,305
3994,28,304
3995,29,305
3996,30,304
3997,29,303
3998,30,304
3999,31,305
4000,30,306
4001,29,307
4002,28,306
4003,29,305
4004,28,306
4005,27,307
4006,28,308
4007,29,309
4008,30,308
4009,29,307
4010,30,308
4011,29,307
4012,30,308
4013,31,309
4014,30,310
4015,29,311
4016,28,310
4017,27,311
4018,26,310
4019,25,311
4020,24,310
4021,23,311
4022,22,310
4023,23,309
4024,22,310
4025,21,311
4026,22,312
4027,23,313
4028,24,312
4029,23,311
4030,24,312
4031,25,313
4032,24,314
4033,23,315
4034,22,314
4035,23,313
4036,22,314
4037,23,313
4038,24,312
4039,23,311
4040,22,310
4041,21,311
4042,20,310
4043,19,311
4044,20,312
4045,19,311
4046,18,310
4047,17,311
4048,16,310
4049,15,311
4050,14,310
4051,15,309
4052,14,310
4053,13,311
4054,12,310
4055,13,309
4056,14,308
4057,13,307
4058,14,308
4059,15,309
4060,16,308
4061,15,307
4062,16,308
4063,15,307
4064,14,306
4065,15,305
4066,16,304
4067,17,305
4068,16,306
4069,15,307
4070,16,308
4071,15,307
4072,16,308
4073,17,309
4074,18,308
4075,17,307
4076,16,306
4077,17,305
4078,16,306
4079,15,307
4080,14,306
4081,13,307
4082,12,306
4083,11,307
4084,12,308
4085,13,309
4086,12,310
4087,13,309
4088,14,308
4089,13,307
4090,12,306
4091,11,307
4092,10,306
4093,9,307
4094,10,308
4095,9,307
4096,10,308
4097,11,309
4098,12,308
4099,11,307
4100,12,308
4101,11,307
4102,12,308
4103,13,309
4104,12,310
4105,11,311
4106,10,310
4107,9,311
4108,8,310
4109,9,311
4110,8,310
4111,7,309
4112,8,308
4113,9,307
4114,10,308
4115,9,309
4116,8,310
4117,9,311
4118,8,310
4119,9,311
4120,8,310
4121,7,309
4122,6,310
4123,7,311
4124,6,310
4125,5,309
4126,4,310
4127,3,309
4128,2,310
4129,3,311
4130,2,310
4131,3,311
4132,4,312
4133,5,311
4134,4,310
4135,5,311
4136,6,312
4137,5,313
4138,4,314
4139,3,313
4140,4,312
4141,3,313
4142,2,314
4143,1,313
4144,0,314
4145,1,315
4146,2,316
4147,1,317
4148,2,316
4149,3,315
4150,2,314
4151,1,313
4152,0,314
4153,1,313
4154,2,314
4155,3,313
4156,4,314
4157,3,315
4158,4,314
4159,5,313
4160,6,314
4161,7,313
4162,6,312
4163,5,311
4164,6,310
4165,5,311
4166,4,312
4167,5,313
4168,6,314
4169,7,313
4170,8,314
4171,7,315
4172,8,314
4173,9,313
4174,10,314
4175,9,315
4176,8,316
4177,9,317
4178,8,316
4179,7,315
4180,6,316
4181,7,317
4182,6,316
4183,7,317
4184,8,318
4185,9,317
4186,8,316
4187,9,317
4188,10,318
4189,9,319
4190,8,320
4191,7,319
4192,8,318
4193,7,319
4194,6,320
4195,5,319
4196,6,318
4197,7,317
4198,6,316
4199,7,317
4200,8,318
4201,9,317
4202,8,316
4203,9,317
4204,8,316
4205,9,317
4206,10,318
4207,9,319
4208,8,320
4209,7,319
4210,8,318
4211,9,317
4212,8,316
4213,9,317
4214,8,316
4215,9,317
4216,10,318
4217,11,317
4218,10,316
4219,9,315
4220,10,314
4221,9,315
4222,8,316
4223,7,315
4224,6,316
4225,7,317
4226,8,318
4227,7,319
4228,8,318
4229,9,317
4230,8,316
4231,7,315
4232,6,316
4233,5,315
4234,6,316
4235,7,317
4236,8,316
4237,7,315
4238,6,314
4239,7,313
4240,6,314
4241,5,315
4242,6,314
4243,5,315
4244,6,314
4245,7,313
4246,8,314
4247,7,315
4248,8,314
4249,7,315
4250,6,316
4251,5,315
4252,4,316
4253,3,315
4254,2,316
4255,3,317
4256,2,316
4257,3,317
4258,4,318
4259,3,319
4260,2,320
4261,1,319
4262,2,318
4263,3,317
4264,2,316
4265,3,317
4266,4,316
4267,3,315
4268,2,314
4269,3,313
4270,4,314
4271,5,313
4272,6,314
4273,5,315
4274,4,316
4275,5,317
4276,4,316
4277,5,317
4278,6,318
4279,7,317
4280,6,316
4281,5,315
4282,6,314
4283,5,315
4284,4,316
4285,3,315
4286,4,314
4287,5,313
4288,4,312
4289,5,313
4290,6,314
4291,7,313
4292,8,314
4293,7,315
4294,8,314
4295,9,313
4296,10,314
4297,11,313
4298,12,314
4299,11,315
4300,12,314
4301,11,315
4302,10,316
4303,9,315
4304,8,316
4305,7,315
4306,8,314
4307,7,315
4308,8,314
4309,9,313
4310,10,314
4311,11,313
4312,12,314
4313,11,315
4314,10,316
4315,11,317
4316,10,316
4317,9,315
4318,10,314
4319,11,313
4320,12,314
4321,13,313
4322,14,314
4323,13,315
4324,12,316
4325,13,317
4326,12,316
4327,13,317
4328,14,318
4329,13,319
4330,12,320
4331,11,319
4332,12,318
4333,13,317
4334,12,316
4335,13,317
4336,12,316
4337,11,315
4338,12,314
4339,13,313
4340,14,314
4341,15,313
4342,16,314
4343,15,315
4344,14,316
4345,15,317
4346,14,316
4347,15,317
4348,16,318
4349,15,319
4350,14,320
4351,13,319
4352,14,318
4353,15,317
4354,14,316
4355,15,317
4356,14,316
4357,13,315
4358,14,314
4359,15,313
4360,16,314
4361,17,313
4362,18,314
4363,17,315
4364,16,316
4365,17,317
4366,16,316
4367,17,317
4368,18,318
4369,17,319
4370,16,320
4371,15,319
4372,16,318
4373,17,317
4374,16,316
4375,17,317
4376,16,316
4377,17,317
4378,18,318
4379,17,319
4380,16,320
4381,15,319
4382,16,318
4383,17,317
4384,16,316
4385,17,317
4386,16,316
4387,15,315
4388,16,314
4389,17,313
4390,18,314
4391,19,313
4392,18,312
4393,19,313
4394,18,312
4395,19,313
4396,20,314
4397,21,313
4398,22,314
4399,23,313
4400,22,312
4401,23,313
4402,24,314
4403,23,315
4404,22,316
4405,21,315
4406,22,314
4407,21,315
4408,22,314
4409,21,315
4410,20,316
4411,19,315
4412,18,316
4413,17,315
4414,18,314
4415,17,315
4416,16,316
4417,17,317
4418,18,318
4419,19,317
4420,18,316
4421,19,317
4422,20,318
4423,19,319
4424,18,320
4425,17,319
4426,18,318
4427,17,319
4428,18,318
4429,19,317
4430,20,318
4431,19,319
4432,18,320
4433,19,321
4434,18,320
4435,17,319
4436,16,320
4437,15,319
4438,14,320
4439,15,321
4440,16,322
4441,15,323
4442,16,322
4443,15,323
4444,14,324
4445,15,325
4446,16,326
4447,17,325
4448,16,324
4449,15,323
4450,16,322
4451,15,323
4452,16,322
4453,15,323
4454,14,324
4455,15,325
4456,16,326
4457,17,325
4458,18,326
4459,19,325
4460,18,324
4461,17,323
4462,18,322
4463,17,323
4464,18,322
4465,17,323
4466,16,324
4467,15,323
4468,16,322
4469,15,323
4470,14,324
4471,13,323
4472,14,322
4473,13,323
4474,12,324
4475,13,325
4476,14,326
4477,15,325
4478,14,324
4479,15,325
4480,16,326
4481,17,325
4482,16,324
4483,17,325
4484,18,326
4485,19,325
4486,20,326
4487,19,327
4488,18,328
4489,19,329
4490,18,328
4491,17,327
4492,18,326
4493,19,325
4494,20,326
4495,21,325
4496,22,326
4497,21,327
4498,20,328
4499,21,329
4500,20,328
4501,21,329
4502,22,330
4503,21,331
4504,20,332
4505,19,331
4506,20,330
4507,21,329
4508,20,328
4509,21,329
4510,20,328
4511,19,327
4512,18,328
4513,19,329
4514,20,330
4515,19,331
4516,20,330
4517,21,329
4518,22,330
4519,23,329
4520,24,330
4521,23,331
4522,22,332
4523,23,333
4524,22,332
4525,23,333
4526,24,334
4527,23,335
4528,22,336
4529,21,335
4530,22,334
4531,23,333
4532,22,332
4533,23,333
4534,22,332
4535,23,333
4536,24,334
4537,23,335
4538,22,336
4539,21,335
4540,20,336
4541,21,337
4542,20,336
4543,19,335
4544,20,334
4545,21,333
4546,22,334
4547,21,335
4548,22,334
4549,23,333
4550,22,332
4551,21,331
4552,20,332
4553,21,333
4554,20,332
4555,21,333
4556,22,334
4557,23,333
4558,24,334
4559,23,335
4560,24,334
4561,25,333
4562,26,334
4563,25,335
4564,24,336
4565,25,337
4566,24,336
4567,23,335
4568,22,336
4569,23,337
4570,22,336
4571,21,335
4572,22,334
4573,23,333
4574,24,334
4575,23,335
4576,24,334
4577,25,333
4578,26,334
4579,27,333
4580,28,334
4581,27,335
4582,26,336
4583,27,337
4584,26,336
4585,27,337
4586,28,338
4587,27,339
4588,26,340
4589,25,339
4590,26,338
4591,27,337
4592,26,336
4593,27,337
4594,26,336
4595,27,337
4596,28,338
4597,27,339
4598,26,340
4599,25,339
4600,24,340
4601,25,341
4602,24,340
4603,23,339
4604,24,338
4605,25,337
4606,26,338
4607,25,339
4608,26,338
4609,27,337
4610,26,336
4611,25,335
4612,24,336
4613,25,337
4614,24,336
4615,25,337
4616,26,338
4617,27,337
4618,28,338
4619,27,339
4620,28,338
4621,29,337
4622,30,338
4623,29,339
4624,28,340
4625,29,341
4626,28,340
4627,27,339
4628,26,340
4629,27,341
4630,26,340
4631,25,339
4632,26,338
4633,27,337
4634,28,338
4635,27,339
4636,28,338
4637,29,337
4638,30,338
4639,31,337
4640,32,338
4641,31,339
4642,30,340
4643,31,341
4644,30,340
4645,31,341
4646,32,342
4647,31,343
4648,30,344
4649,29,343
4650,30,342
4651,31,341
4652,30,340
4653,31,341
4654,30,340
4655,31,341
4656,32,342
4657,31,343
4658,30,344
4659,29,343
4660,28,344
4661,29,345
4662,30,346
4663,29,347
4664,30,346
4665,31,345
4666,30,344
4667,29,343
4668,28,344
4669,27,343
4670,28,342
4671,29,341
4672,28,340
4673,29,341
4674,28,340
4675,29,341
4676,30,342
4677,29,343
4678,28,344
4679,27,343
4680,26,344
4681,25,343
4682,24,344
4683,25,345
4684,24,344
4685,23,343
4686,22,344
4687,21,343
4688,20,344
4689,19,343
4690,18,344
4691,17,343
4692,18,342
4693,17,343
4694,16,344
4695,15,343
4696,14,344
4697,13,343
4698,14,344
4699,13,343
4700,12,342
4701,13,341
4702,14,340
4703,15,341
4704,14,342
4705,13,343
4706,14,344
4707,13,343
4708,14,344
4709,15,345
4710,16,344
4711,17,345
4712,16,346
4713,15,347
4714,16,348
4715,15,347
4716,14,346
4717,15,345
4718,16,344
4719,17,345
4720,18,344
4721,17,343
4722,18,344
4723,17,343
4724,16,342
4725,15,343
4726,14,342
4727,13,343
4728,14,344
4729,13,343
4730,14,344
4731,13,343
4732,14,344
4733,15,345
4734,16,344
4735,17,345
4736,18,344
4737,17,343
4738,16,342
4739,17,341
4740,16,342
4741,15,343
4742,16,344
4743,17,345
4744,18,344
4745,19,345
4746,18,346
4747,17,347
4748,18,348
4749,17,347
4750,18,348
4751,17,347
4752,16,346
4753,17,345
4754,18,344
4755,19,345
4756,20,344
4757,21,345
4758,20,346
4759,21,345
4760,20,346
4761,19,347
4762,18,346
4763,19,345
4764,18,346
4765,17,347
4766,18,348
4767,19,349
4768,20,348
4769,19,347
4770,20,348
4771,21,349
4772,22,348
4773,21,347
4774,20,346
4775,21,345
4776,20,346
4777,19,347
4778,18,346
4779,19,345
4780,18,346
4781,19,345
4782,18,346
4783,17,347
4784,18,348
4785,19,349
4786,20,348
4787,19,347
4788,18,346
4789,19,345
4790,18,346
4791,19,345
4792,20,344
4793,19,343
4794,18,342
4795,17,343
4796,16,342
4797,17,341
4798,18,340
4799,17,339
4800,18,340
4801,19,341
4802,18,342
4803,17,343
4804,16,342
4805,15,343
4806,16,344
4807,15,343
4808,16,344
4809,15,343
4810,14,342
4811,13,343
4812,12,342
4813,13,341
4814,14,340
4815,13,339
4816,14,340
4817,13,339
4818,12,338
4819,11,339
4820,10,338
4821,9,339
4822,10,340
4823,11,341
4824,10,342
4825,11,341
4826,10,342
4827,11,341
4828,12,340
4829,13,341
4830,12,342
4831,13,341
4832,14,340
4833,15,341
4834,16,340
4835,17,341
4836,16,342
4837,17,341
4838,16,342
4839,17,341
4840,16,342
4841,17,341
4842,18,340
4843,19,341
4844,20,340
4845,19,339
4846,18,338
4847,19,337
4848,18,338
4849,19,337
4850,18,338
4851,17,339
4852,18,340
4853,19,341
4854,20,340
4855,19,339
4856,18,338
4857,19,337
4858,18,338
4859,19,337
4860,20,336
4861,19,335
4862,18,334
4863,17,335
4864,16,334
4865,17,333
4866,18,334
4867,17,335
4868,16,336
4869,17,337
4870,18,336
4871,17,335
4872,18,336
4873,19,337
4874,18,338
4875,17,339
4876,16,338
4877,17,337
4878,18,338
4879,19,337
4880,18,336
4881,17,335
4882,18,334
4883,17,335
4884,18,334
4885,19,333
4886,18,332
4887,17,331
4888,16,332
4889,17,333
4890,18,334
4891,17,335
4892,18,334
4893,17,335
4894,18,334
4895,17,335
4896,18,334
4897,17,335
4898,16,336
4899,15,335
4900,16,334
4901,15,335
4902,16,334
4903,15,335
4904,16,334
4905,15,335
4906,14,336
4907,13,335
4908,14,334
4909,15,333
4910,14,332
4911,15,333
4912,16,334
4913,17,333
4914,18,334
4915,17,335
4916,16,336
4917,17,337
4918,16,336
4919,15,335
4920,16,334
4921,17,333
4922,18,334
4923,19,333
4924,20,334
4925,21,333
4926,22,334
4927,21,335
4928,22,334
4929,21,335
4930,20,336
4931,19,335
4932,18,336
4933,17,335
4934,16,336
4935,15,335
4936,16,334
4937,15,335
4938,16,334
4939,17,333
4940,18,334
4941,17,335
4942,16,336
4943,17,337
4944,16,336
4945,15,335
4946,14,336
4947,13,335
4948,12,336
4949,13,337
4950,14,338
4951,13,339
4952,14,338
4953,13,339
4954,12,340
4955,13,341
4956,14,342
4957,15,341
4958,14,340
4959,13,339
4960,14,338
4961,13,339
4962,14,338
4963,15,337
4964,14,336
4965,13,335
4966,12,336
4967,11,335
4968,10,336
4969,11,337
4970,12,338
4971,11,339
4972,12,338
4973,11,339
4974,12,338
4975,13,337
4976,12,336
4977,11,335
4978,10,336
4979,11,337
4980,12,338
4981,11,339
4982,12,338
4983,11,339
4984,10,340
4985,9,339
4986,10,338
4987,9,339
4988,8,340
4989,9,341
4990,10,342
4991,11,341
4992,10,340
4993,11,341
4994,12,342
4995,13,341
4996,14,342
4997,13,343
4998,14,342
4999,13,343
5000,12,344
5001,13,345
5002,14,346
5003,15,345
5004,16,346
5005,15,347
5006,14,348
5007,15,349
5008,14,348
5009,13,347
5010,14,346
5011,15,345
5012,16,346
5013,17,345
5014,18,346
5015,17,347
5016,16,348
5017,17,349
5018,16,348
5019,17,349
5020,18,350
5021,17,351
5022,16,352
5023,15,351
5024,16,350
5025,17,349
5026,16,348
5027,17,349
5028,16,348
5029,17,349
5030,16,348
5031,15,347
5032,14,348
5033,15,349
5034,16,350
5035,15,351
5036,16,350
5037,17,349
5038,18,350
5039,17,351
5040,16,352
5041,17,353
5042,16,352
5043,15,351
5044,14,352
5045,13,351
5046,14,350
5047,13,351
5048,14,350
5049,13,351
5050,12,352
5051,13,353
5052,14,354
5053,15,353
5054,16,354
5055,17,353
5056,16,352
5057,15,351
5058,16,350
5059,15,351
5060,14,352
5061,15,353
5062,16,354
5063,17,353
5064,18,354
5065,19,353
5066,20,354
5067,19,355
5068,18,356
5069,19,357
5070,18,356
5071,17,355
5072,18,354
5073,19,353
5074,20,354
5075,21,353
5076,22,354
5077,21,355
5078,20,356
5079,21,357
5080,20,356
5081,21,357
5082,20,356
5083,21,357
5084,22,358
5085,23,357
5086,22,356
5087,23,357
5088,24,358
5089,25,357
5090,26,358
5091,25,359
5092,24,360
5093,25,361
5094,24,360
5095,23,359
5096,24,358
5097,25,357
5098,26,358
5099,27,357
5100,28,358
5101,27,359
5102,26,360
5103,27,361
5104,26,360
5105,27,361
5106,26,360
5107,27,361
5108,28,362
5109,29,361
5110,30,362
5111,29,363
5112,28,364
5113,29,365
5114,28,364
5115,27,363
5116,28,362
5117,29,361
5118,30,362
5119,31,361
5120,32,362
5121,31,363
5122,30,364
5123,31,365
5124,30,364
5125,31,365
5126,30,364
5127,31,365
5128,32,366
5129,33,365
5130,34,366
5131,33,367
5132,32,368
5133,33,369
5134,32,368
5135,31,367
5136,32,366
5137,33,365
5138,34,366
5139,35,365
5140,36,366
5141,35,367
5142,34,368
5143,35,369
5144,34,368
5145,35,369
5146,36,370
5147,35,371
5148,34,372
5149,33,371
5150,34,370
5151,35,369
5152,34,368
5153,35,369
5154,34,368
5155,35,369
5156,36,370
5157,35,371
5158,34,372
5159,33,371
5160,32,372
5161,31,371
5162,30,372
5163,31,373
5164,30,372
5165,29,371
5166,30,370
5167,31,369
5168,32,370
5169,31,371
5170,32,370
5171,31,371
5172,30,372
5173,31,373
5174,32,374
5175,33,373
5176,32,372
5177,31,371
5178,32,370
5179,31,371
5180,32,370
5181,31,371
5182,30,372
5183,29,371
5184,30,370
5185,31,369
5186,30,368
5187,31,369
5188,32,370
5189,33,369
5190,34,370
5191,33,371
5192,34,370
5193,33,371
5194,32,372
5195,33,373
5196,34,374
5197,35,373
5198,34,372
5199,33,371
5200,34,370
5201,33,371
5202,34,370
5203,33,371
5204,32,372
5205,31,371
5206,32,370
5207,31,371
5208,30,372
5209,31,373
5210,32,374
5211,33,373
5212,32,372
5213,33,373
5214,34,374
5215,35,373
5216,36,374
5217,35,375
5218,34,376
5219,35,377
5220,34,376
5221,33,375
5222,34,374
5223,35,373
5224,36,374
5225,37,373
5226,38,374
5227,37,375
5228,36,376
5229,37,377
5230,36,376
5231,37,377
5232,38,378
5233,37,379
5234,36,380
5235,35,379
5236,36,378
5237,37,377
5238,36,376
5239,37,377
5240,36,376
5241,35,375
5242,34,376
5243,35,377
5244,36,378
5245,35,379
5246,36,378
5247,37,377
5248,38,378
5249,39,377
5250,40,378
5251,39,379
5252,38,380
5253,39,381
5254,38,380
5255,39,381
5256,40,382
5257,39,383
5258,38,384
5259,37,383
5260,38,382
5261,39,381
5262,38,380
5263,39,381
5264,38,380
5265,39,381
5266,40,382
5267,39,383
5268,38,384
5269,37,383
5270,36,384
5271,35,383
5272,36,382
5273,37,381
5274,36,380
5275,37,381
5276,38,382
5277,37,383
5278,36,384
5279,35,383
5280,34,384
5281,33,383
5282,34,382
5283,35,381
5284,34,380
5285,35,381
5286,34,380
5287,35,381
5288,34,380
5289,35,381
5290,36,382
5291,35,383
5292,34,384
5293,33,383
5294,32,384
5295,33,385
5296,34,386
5297,33,387
5298,34,386
5299,35,385
5300,34,384
5301,33,383
5302,32,384
5303,31,383
5304,32,382
5305,31,383
5306,30,384
5307,31,385
5308,32,386
5309,33,385
5310,32,384
5311,33,385
5312,32,384
5313,33,385
5314,34,386
5315,33,387
5316,32,388
5317,31,387
5318,30,388
5319,31,389
5320,32,390
5321,31,391
5322,32,390
5323,33,389
5324,32,388
5325,31,387
5326,30,388
5327,29,387
5328,30,386
5329,29,387
5330,28,388
5331,29,389
5332,30,390
5333,31,389
5334,30,388
5335,31,389
5336,30,388
5337,31,389
5338,32,390
5339,31,391
5340,30,392
5341,29,391
5342,28,392
5343,29,393
5344,30,394
5345,29,395
5346,30,394
5347,31,393
5348,30,392
5349,29,391
5350,28,392
5351,27,391
5352,26,392
5353,27,393
5354,28,394
5355,27,395
5356,28,394
5357,27,395
5358,26,396
5359,27,397
5360,28,398
5361,29,397
5362,28,396
5363,27,395
5364,28,394
5365,27,395
5366,28,394
5367,29,393
5368,28,392
5369,27,391
5370,26,392
5371,25,391
5372,24,392
5373,25,393
5374,26,394
5375,25,395
5376,26,394
5377,25,395
5378,26,394
5379,25,395
5380,24,396
5381,25,397
5382,26,398
5383,27,397
5384,26,396
5385,25,395
5386,26,394
5387,25,395
5388,26,394
5389,25,395
5390,24,396
5391,23,395
5392,22,396
5393,23,397
5394,22,396
5395,23,397
5396,24,398
5397,25,397
5398,26,398
5399,27,397
5400,28,398
5401,29,397
5402,28,396
5403,29,397
5404,30,398
5405,29,399
5406,28,400
5407,27,399
5408,28,398
5409,27,399
5410,26,400
5411,27,401
5412,28,402
5413,29,401
5414,28,400
5415,29,401
5416,28,400
5417,29,401
5418,30,402
5419,29,403
5420,28,404
5421,27,403
5422,28,402
5423,29,401
5424,28,400
5425,29,401
5426,28,400
5427,29,401
5428,28,400
5429,29,401
5430,30,402
5431,29,403
5432,28,404
5433,27,403
5434,28,402
5435,29,401
5436,28,400
5437,29,401
5438,28,400
5439,29,401
5440,30,402
5441,29,403
5442,28,404
5443,27,403
5444,26,404
5445,27,405
5446,28,406
5447,27,407
5448,28,406
5449,29,405
5450,28,404
5451,27,403
5452,26,404
5453,25,403
5454,24,404
5455,25,405
5456,26,406
5457,25,407
5458,26,406
5459,25,407
5460,24,408
5461,25,409
5462,26,410
5463,27,409
5464,26,408
5465,25,407
5466,26,406
5467,25,407
5468,26,406
5469,27,405
5470,28,406
5471,27,407
5472,26,408
5473,27,409
5474,26,408
5475,25,407
5476,24,408
5477,23,407
5478,22,408
5479,21,407
5480,22,406
5481,23,405
5482,22,404
5483,23,405
5484,24,406
5485,23,407
5486,22,408
5487,21,407
5488,20,408
5489,19,407
5490,20,406
5491,19,407
5492,18,408
5493,19,409
5494,20,410
5495,21,409
5496,20,408
5497,21,409
5498,22,408
5499,23,409
5500,22,410
5501,21,411
5502,22,412
5503,21,411
5504,20,410
5505,21,409
5506,22,408
5507,23,409
5508,24,408
5509,25,409
5510,24,410
5511,23,411
5512,24,412
5513,23,411
5514,24,412
5515,25,413
5516,24,414
5517,23,415
5518,22,414
5519,23,413
5520,24,412
5521,23,411
5522,24,412
5523,23,411
5524,24,412
5525,23,411
5526,24,412
5527,23,411
5528,24,412
5529,23,411
5530,24,412
5531,25,413
5532,26,412
5533,25,411
5534,26,412
5535,27,413
5536,28,412
5537,27,411
5538,28,412
5539,27,411
5540,28,412
5541,27,411
5542,26,410
5543,25,411
5544,26,412
5545,27,413
5546,26,414
5547,27,413
5548,28,412
5549,29,413
5550,28,414
5551,27,415
5552,28,416
5553,27,415
5554,26,414
5555,25,415
5556,24,414
5557,25,413
5558,24,414
5559,23,415
5560,24,416
5561,25,417
5562,26,416
5563,25,415
5564,26,416
5565,25,415
5566,26,416
5567,25,415
5568,24,414
5569,25,413
5570,26,412
5571,27,413
5572,26,414
5573,25,415
5574,26,416
5575,25,415
5576,26,416
5577,25,415
5578,24,414
5579,25,413
5580,26,412
5581,27,413
5582,26,414
5583,25,415
5584,26,416
5585,25,415
5586,26,416
5587,25,415
5588,24,414
5589,23,415
5590,24,416
5591,23,415
5592,22,414
5593,21,415
5594,22,416
5595,21,415
5596,20,414
5597,19,415
5598,18,414
5599,19,413
5600,18,414
5601,17,415
5602,16,414
5603,17,413
5604,16,414
5605,15,415
5606,14,414
5607,15,413
5608,14,414
5609,13,415
5610,14,416
5611,15,417
5612,16,416
5613,15,415
5614,16,416
5615,17,417
5616,18,416
5617,17,415
5618,18,416
5619,19,417
5620,20,416
5621,19,415
5622,20,416
5623,19,415
5624,18,414
5625,19,413
5626,20,412
5627,21,413
5628,20,414
5629,19,415
5630,20,416
5631,19,415
5632,20,416
5633,21,417
5634,20,418
5635,19,419
5636,18,418
5637,17,419
5638,18,420
5639,17,419
5640,16,418
5641,15,419
5642,16,420
5643,17,421
5644,16,422
5645,17,421
5646,18,420
5647,19,421
5648,18,422
5649,19,421
5650,20,420
5651,19,419
5652,18,418
5653,17,419
5654,18,420
5655,17,419
5656,16,418
5657,15,419
5658,14,418
5659,13,419
5660,14,420
5661,15,419
5662,16,420
5663,17,419
5664,18,420
5665,17,421
5666,16,422
5667,17,423
5668,16,422
5669,17,423
5670,16,422
5671,15,421
5672,14,422
5673,15,423
5674,14,422
5675,13,421
5676,14,420
5677,15,419
5678,16,420
5679,15,421
5680,16,420
5681,17,419
5682,18,420
5683,17,421
5684,16,422
5685,17,423
5686,16,422
5687,15,421
5688,14,422
5689,15,423
5690,14,422
5691,15,423
5692,14,422
5693,15,423
5694,16,424
5695,15,425
5696,14,426
5697,13,425
5698,12,426
5699,11,425
5700,12,424
5701,13,423
5702,12,422
5703,13,423
5704,12,422
5705,13,423
5706,12,422
5707,11,421
5708,12,420
5709,13,419
5710,14,420
5711,13,421
5712,12,422
5713,13,423
5714,12,422
5715,13,423
5716,14,424
5717,15,423
5718,16,424
5719,15,425
5720,14,426
5721,15,427
5722,14,426
5723,13,425
5724,14,424
5725,15,423
5726,16,424
5727,17,423
5728,18,424
5729,17,425
5730,16,426
5731,17,427
5732,16,426
5733,17,427
5734,18,428
5735,17,429
5736,16,430
5737,15,429
5738,16,428
5739,17,427
5740,16,426
5741,17,427
5742,16,426
5743,17,427
5744,18,428
5745,17,429
5746,16,430
5747,15,429
5748,14,430
5749,13,429
5750,14,428
5751,13,429
5752,12,430
5753,11,429
5754,12,428
5755,13,427
5756,12,426
5757,13,427
5758,14,428
5759,15,427
5760,14,426
5761,15,427
5762,16,428
5763,15,429
5764,14,430
5765,13,429
5766,14,428
5767,13,429
5768,12,430
5769,11,429
5770,10,430
5771,9,429
5772,10,428
5773,9,429
5774,8,430
5775,9,431
5776,10,432
5777,11,431
5778,10,430
5779,11,431
5780,10,430
5781,11,431
5782,10,430
5783,11,431
5784,12,432
5785,11,433
5786,10,434
5787,9,433
5788,10,432
5789,11,431
5790,10,430
5791,11,431
5792,10,430
5793,11,431
5794,12,432
5795,11,433
5796,10,434
5797,9,433
5798,8,434
5799,7,433
5800,8,432
5801,9,431
5802,8,430
5803,9,431
5804,10,432
5805,9,433
5806,8,434
5807,7,433
5808,6,434
5809,7,435
5810,8,434
5811,9,435
5812,8,436
5813,7,437
5814,8,438
5815,7,437
5816,8,438
5817,7,437
5818,6,436
5819,5,437
5820,4,436
5821,3,437
5822,4,438
5823,5,439
5824,4,440
5825,5,439
5826,6,440
5827,7,439
5828,6,438
5829,5,437
5830,6,436
5831,5,437
5832,6,436
5833,7,435
5834,8,436
5835,9,435
5836,10,436
5837,9,437
5838,8,438
5839,9,439
5840,8,438
5841,9,439
5842,8,438
5843,9,439
5844,8,438
5845,7,437
5846,8,436
5847,9,435
5848,10,436
5849,11,435
5850,10,434
5851,11,435
5852,12,436
5853,11,437
5854,10,438
5855,9,437
5856,10,436
5857,9,437
5858,8,438
5859,9,439
5860,10,440
5861,11,439
5862,10,438
5863,11,439
5864,10,438
5865,11,439
5866,12,440
5867,11,441
5868,10,442
5869,9,441
5870,10,442
5871,11,443
5872,10,444
5873,9,445
5874,10,444
5875,11,443
5876,10,442
5877,9,441
5878,10,442
5879,9,441
5880,8,440
5881,7,441
5882,8,442
5883,9,443
5884,8,444
5885,9,443
5886,10,442
5887,11,443
5888,12,442
5889,13,443
5890,12,444
5891,11,445
5892,12,446
5893,11,445
5894,12,446
5895,13,447
5896,12,448
5897,11,449
5898,10,448
5899,11,447
5900,12,446
5901,11,445
5902,12,446
5903,11,445
5904,12,446
5905,13,447
5906,12,448
5907,11,449
5908,10,448
5909,9,449
5910,10,450
5911,11,451
5912,10,452
5913,11,451
5914,12,450
5915,11,449
5916,10,448
5917,9,449
5918,8,448
5919,9,447
5920,10,446
5921,9,445
5922,10,446
5923,9,445
5924,8,444
5925,7,445
5926,8,446
5927,9,447
5928,8,448
5929,9,447
5930,10,446
5931,11,447
5932,10,448
5933,9,449
5934,10,450
5935,9,449
5936,8,448
5937,7,449
5938,6,448
5939,7,447
5940,8,446
5941,7,445
5942,8,446
5943,7,445
5944,8,446
5945,9,447
5946,8,448
5947,7,449
5948,6,448
5949,7,447
5950,8,446
5951,7,445
5952,8,446
5953,7,445
5954,6,444
5955,7,443
5956,8,442
5957,9,443
5958,10,442
5959,11,443
5960,10,444
5961,11,443
5962,10,444
5963,9,445
5964,10,446
5965,11,447
5966,12,446
5967,11,445
5968,10,444
5969,11,443
5970,10,444
5971,11,443
5972,12,442
5973,11,441
5974,10,440
5975,9,441
5976,8,440
5977,7,441
5978,8,442
5979,9,443
5980,8,444
5981,9,443
5982,10,442
5983,9,441
5984,8,440
5985,7,441
5986,6,440
5987,5,441
5988,4,440
5989,3,441
5990,4,440
5991,3,441
5992,2,442
5993,1,441
5994,2,440
5995,1,441
5996,2,440
5997,3,441
5998,2,442
5999,3,441
6000,2,442
6001,1,443
6002,2,444
6003,3,445
6004,4,444
6005,5,445
6006,6,444
6007,7,445
6008,8,444
6009,9,445
6010,10,444
6011,9,443
6012,10,444
6013,9,443
6014,8,442
6015,7,443
6016,8,444
6017,7,443
6018,8,444
6019,7,443
6020,8,444
6021,9,443
6022,10,444
6023,11,443
6024,12,444
6025,11,445
6026,10,446
6027,11,447
6028,10,446
6029,9,445
6030,10,444
6031,11,443
6032,12,444
6033,13,443
6034,14,444
6035,15,443
6036,14,442
6037,15,443
6038,14,442
6039,13,441
6040,14,440
6041,15,439
6042,16,440
6043,17,439
6044,16,438
6045,17,439
6046,16,438
6047,17,439
6048,18,440
6049,19,439
6050,20,440
6051,19,441
6052,18,442
6053,19,443
6054,18,442
6055,17,441
6056,18,440
6057,19,439
6058,20,440
6059,21,439
6060,22,440
6061,21,441
6062,20,442
6063,21,443
6064,20,442
6065,21,443
6066,22,444
6067,21,445
6068,20,446
6069,19,445
6070,20,444
6071,21,443
6072,20,442
6073,21,443
6074,20,442
6075,21,443
6076,22,444
6077,21,445
6078,20,446
6079,19,445
6080,18,446
6081,17,445
6082,18,444
6083,17,445
6084,16,446
6085,15,445
6086,14,446
6087,13,445
6088,14,444
6089,13,445
6090,12,446
6091,13,447
6092,14,448
6093,15,447
6094,14,446
6095,15,447
6096,14,446
6097,15,447
6098,14,446
6099,15,447
6100,16,448
6101,15,449
6102,14,450
6103,13,449
6104,14,448
6105,15,447
6106,14,446
6107,15,447
6108,14,446
6109,15,447
6110,16,448
6111,15,449
6112,14,450
6113,13,449
6114,12,450
6115,11,449
6116,12,448
6117,13,447
6118,12,446
6119,13,447
6120,14,448
6121,13,449
6122,12,450
6123,11,449
6124,10,450
6125,11,451
6126,12,452
6127,11,453
6128,12,452
6129,11,453
6130,10,454
6131,9,453
6132,8,454
6133,7,453
6134,8,452
6135,9,451
6136,8,450
6137,9,451
6138,8,450
6139,7,449
6140,6,450
6141,7,451
6142,8,450
6143,9,451
6144,8,452
6145,7,453
6146,8,454
6147,7,453
6148,8,454
6149,7,453
6150,8,454
6151,7,453
6152,8,454
6153,7,453
6154,8,454
6155,7,453
6156,6,452
6157,5,453
6158,4,452
6159,3,453
6160,2,452
6161,3,453
6162,2,452
6163,3,453
6164,4,454
6165,3,455
6166,2,456
6167,1,455
6168,0,456
6169,1,457
6170,2,456
6171,1,455
6172,2,456
6173,3,455
6174,4,456
6175,3,457
6176,4,456
6177,5,457
6178,4,458
6179,3,459
6180,4,460
6181,5,459
6182,4,458
6183,3,457
6184,4,456
6185,5,457
6186,6,456
6187,7,457
6188,8,456
6189,9,457
6190,8,458
6191,9,457
6192,10,456
6193,11,457
6194,12,456
6195,11,455
6196,12,456
6197,11,455
6198,12,456
6199,13,457
6200,12,458
6201,11,459
6202,10,458
6203,9,459
6204,8,458
6205,9,457
6206,10,456
6207,9,455
6208,10,456
6209,9,455
6210,10,456
6211,9,455
6212,8,454
6213,9,455
6214,10,456
6215,9,457
6216,8,458
6217,9,457
6218,10,456
6219,11,457
6220,12,456
6221,11,455
6222,12,456
6223,11,455
6224,10,454
6225,11,455
6226,10,454
6227,9,453
6228,10,452
6229,11,451
6230,12,452
6231,11,453
6232,10,454
6233,11,455
6234,10,454
6235,11,455
6236,10,454
6237,11,455
6238,10,454
6239,9,453
6240,8,454
6241,9,455
6242,8,454
6243,7,453
6244,6,454
6245,7,455
6246,6,454
6247,5,453
6248,6,452
6249,7,451
6250,8,452
6251,7,453
6252,8,452
6253,9,451
6254,10,452
6255,9,453
6256,10,452
6257,11,451
6258,12,452
6259,13,451
6260,14,452
6261,13,453
6262,14,452
6263,13,453
6264,12,454
6265,13,455
6266,14,456
6267,15,455
6268,16,456
6269,17,455
6270,16,454
6271,17,455
6272,18,456
6273,19,455
6274,20,456
6275,19,457
6276,18,458
6277,19,459
6278,18,458
6279,19,459
6280,18,458
6281,19,459
6282,20,460
6283,19,461
6284,18,462
6285,17,461
6286,16,462
6287,15,461
6288,16,460
6289,17,459
6290,16,458
6291,17,459
6292,16,458
6293,17,459
6294,18,460
6295,19,459
6296,18,458
6297,19,459
6298,20,460
6299,19,461
6300,18,462
6301,17,461
6302,18,460
6303,17,461
6304,16,462
6305,15,461
6306,14,462
6307,13,461
6308,14,460
6309,13,461
6310,14,460
6311,13,461
6312,14,460
6313,15,459
6314,14,458
6315,13,457
6316,12,458
6317,11,457
6318,12,456
6319,11,457
6320,10,458
6321,11,459
6322,12,460
6323,13,459
6324,12,458
6325,13,459
6326,14,460
6327,13,461
6328,12,462
6329,11,461
6330,12,460
6331,11,461
6332,12,460
6333,13,459
6334,12,458
6335,11,457
6336,10,458
6337,9,457
6338,10,456
6339,11,455
6340,10,454
6341,11,455
6342,12,456
6343,11,457
6344,10,458
6345,9,457
6346,8,458
6347,7,457
6348,8,456
6349,9,457
6350,8,458
6351,7,459
6352,8,460
6353,9,459
6354,8,458
6355,9,459
6356,10,460
6357,9,461
6358,8,462
6359,7,461
6360,8,460
6361,9,461
6362,10,460
6363,9,459
6364,10,460
6365,11,459
6366,12,460
6367,13,459
6368,12,458
6369,13,459
6370,14,460
6371,13,461
6372,12,462
6373,11,461
6374,12,460
6375,11,461
6376,12,460
6377,13,461
6378,12,462
6379,11,463
6380,12,464
6381,13,463
6382,12,462
6383,11,461
6384,12,460
6385,13,461
6386,14,460
6387,13,459
6388,12,458
6389,13,457
6390,12,458
6391,13,457
6392,14,456
6393,13,455
6394,12,454
6395,11,455
6396,12,456
6397,13,457
6398,12,458
6399,13,457
6400,12,458
6401,11,459
6402,10,458
6403,9,459
6404,8,458
6405,9,457
6406,8,458
6407,9,457
6408,10,456
6409,11,457
6410,10,458
6411,9,459
6412,10,460
6413,9,459
6414,8,458
6415,7,459
6416,8,460
6417,9,461
6418,8,462
6419,9,461
6420,10,460
6421,11,461
6422,12,460
6423,11,459
6424,12,460
6425,11,459
6426,12,460
6427,13,461
6428,14,460
6429,15,461
6430,14,462
6431,13,463
6432,14,464
6433,13,463
6434,12,462
6435,13,461
6436,14,460
6437,15,461
6438,16,460
6439,17,461
6440,18,460
6441,17,459
6442,16,458
6443,17,457
6444,16,458
6445,17,457
6446,18,456
6447,17,455
6448,16,454
6449,15,455
6450,16,456
6451,17,457
6452,16,458
6453,17,457
6454,16,458
6455,17,457
6456,16,458
6457,15,459
6458,14,458
6459,15,457
6460,14,458
6461,15,457
6462,16,456
6463,15,455
6464,14,454
6465,13,455
6466,12,454
6467,11,455
6468,10,454
6469,11,453
6470,10,454
6471,9,455
6472,10,456
6473,11,457
6474,12,456
6475,11,455
6476,12,456
6477,11,455
6478,12,456
6479,13,457
6480,14,456
6481,13,455
6482,14,456
6483,13,455
6484,14,456
6485,13,455
6486,14,456
6487,15,457
6488,14,458
6489,13,459
6490,12,458
6491,11,459
6492,10,458
6493,11,459
6494,12,460
6495,11,461
6496,10,462
6497,11,461
6498,12,460
6499,11,459
6500,10,458
6501,11,459
6502,10,458
6503,11,459
6504,10,458
6505,9,457
6506,10,456
6507,11,455
6508,12,456
6509,11,457
6510,10,458
6511,11,459
6512,10,458
6513,11,459
6514,10,458
6515,9,457
6516,10,456
6517,11,455
6518,12,456
6519,13,455
6520,12,454
6521,13,455
6522,12,454
6523,11,453
6524,10,454
6525,11,455
6526,12,456
6527,11,457
6528,12,456
6529,13,455
6530,14,456
6531,15,455
6532,16,456
6533,15,457
6534,14,458
6535,15,459
6536,14,458
6537,13,457
6538,14,456
6539,15,455
6540,16,456
6541,17,455
6542,18,456
6543,19,455
6544,18,454
6545,19,455
6546,18,454
6547,17,453
6548,18,452
6549,19,451
6550,20,452
6551,21,451
6552,22,452
6553,23,451
6554,24,452
6555,23,453
6556,22,454
6557,23,455
6558,22,454
6559,21,453
6560,22,452
6561,23,451
6562,24,452
6563,25,451
6564,26,452
6565,25,453
6566,24,454
6567,25,455
6568,24,454
6569,25,455
6570,26,456
6571,25,457
6572,24,458
6573,23,457
6574,24,456
6575,25,455
6576,24,454
6577,25,455
6578,24,454
6579,25,455
6580,26,456
6581,25,457
6582,24,458
6583,23,457
6584,22,458
6585,21,457
6586,22,456
6587,21,457
6588,20,458
6589,19,457
6590,20,456
6591,19,457
6592,18,458
6593,19,459
6594,20,460
6595,21,459
6596,20,458
6597,21,459
6598,22,460
6599,23,459
6600,22,458
6601,23,459
6602,24,460
6603,23,461
6604,22,462
6605,21,461
6606,22,460
6607,21,461
6608,20,462
6609,19,461
6610,20,460
6611,19,461
6612,20,460
6613,19,461
6614,18,462
6615,19,463
6616,20,464
6617,21,463
6618,20,462
6619,19,461
6620,20,460
6621,19,461
6622,20,460
6623,21,459
6624,22,460
6625,21,461
6626,20,462
6627,21,463
6628,20,462
6629,19,461
6630,18,462
6631,17,461
6632,18,460
6633,19,459
6634,18,458
6635,19,459
6636,20,460
6637,19,461
6638,18,462
6639,17,461
6640,16,462
6641,17,463
6642,16,462
6643,15,461
6644,16,460
6645,17,459
6646,18,460
6647,17,461
6648,18,460
6649,17,461
6650,16,462
6651,15,461
6652,16,460
6653,15,461
6654,14,462
6655,13,461
6656,14,460
6657,15,459
6658,14,458
6659,15,459
6660,16,460
6661,17,459
6662,16,458
6663,17,459
6664,18,460
6665,19,459
6666,18,458
6667,17,457
6668,18,456
6669,17,457
6670,16,458
6671,15,457
6672,16,456
6673,15,457
6674,14,458
6675,13,457
6676,12,458
6677,11,457
6678,12,456
6679,13,455
6680,12,454
6681,13,455
6682,12,454
6683,13,455
6684,14,456
6685,13,457
6686,12,458
6687,11,457
6688,10,458
6689,11,459
6690,10,458
6691,11,459
6692,12,460
6693,11,461
6694,10,462
6695,9,461
6696,8,462
6697,9,463
6698,8,462
6699,7,461
6700,6,462
6701,7,463
6702,6,462
6703,7,463
6704,8,464
6705,9,463
6706,8,462
6707,9,463
6708,10,464
6709,11,463
6710,10,462
6711,11,463
6712,12,464
6713,13,463
6714,12,462
6715,11,461
6716,12,460
6717,11,461
6718,10,462
6719,9,461
6720,10,460
6721,9,461
6722,8,462
6723,7,461
6724,8,460
6725,7,461
6726,6,462
6727,5,461
6728,4,462
6729,3,461
6730,4,460
6731,3,461
6732,2,462
6733,3,463
6734,4,464
6735,5,463
6736,4,462
6737,5,463
6738,4,462
6739,3,461
6740,4,460
6741,5,459
6742,6,460
6743,5,461
6744,4,462
6745,5,463
6746,4,462
6747,5,463
6748,6,464
6749,5,465
6750,4,466
6751,3,465
6752,2,466
6753,3,467
6754,4,468
6755,3,469
6756,4,468
6757,5,467
6758,4,466
6759,3,465
6760,2,466
6761,1,465
6762,2,466
6763,1,465
6764,0,464
6765,1,463
6766,2,462
6767,3,463
6768,2,464
6769,1,465
6770,2,466
6771,1,465
6772,2,466
6773,3,465
6774,2,464
6775,3,465
6776,2,464
6777,1,463
6778,2,464
6779,3,465
6780,2,466
6781,1,467
6782,2,466
6783,3,465
6784,4,466
6785,5,465
6786,4,464
6787,5,465
6788,6,466
6789,7,465
6790,8,466
6791,7,467
6792,6,468
6793,7,469
6794,6,468
6795,7,469
6796,6,468
6797,7,469
6798,8,468
6799,7,467
6800,6,466
6801,7,465
6802,8,466
6803,7,467
6804,6,468
6805,7,469
6806,8,468
6807,9,469
6808,8,470
6809,7,471
6810,8,472
6811,7,471
6812,8,472
6813,9,473
6814,10,472
6815,11,473
6816,10,474
6817,9,475
6818,10,476
6819,9,475
6820,8,474
6821,9,473
6822,10,472
6823,11,473
6824,12,472
6825,11,471
6826,10,470
6827,11,469
6828,10,470
6829,11,469
6830,12,468
6831,13,469
6832,12,470
6833,13,469
6834,12,470
6835,13,469
6836,14,468
6837,15,469
6838,14,470
6839,13,471
6840,14,472
6841,13,471
6842,12,470
6843,11,471
6844,12,472
6845,13,473
6846,12,474
6847,13,473
6848,14,472
6849,15,473
6850,16,472
6851,17,473
6852,18,472
6853,19,473
6854,18,474
6855,17,475
6856,18,476
6857,17,475
6858,16,474
6859,17,473
6860,18,472
6861,19,473
6862,20,472
6863,19,471
6864,20,472
6865,21,473
6866,22,472
6867,21,471
6868,22,472
6869,23,473
6870,22,474
6871,21,475
6872,20,474
6873,21,473
6874,20,474
6875,19,475
6876,18,474
6877,19,473
6878,18,474
6879,19,473
6880,18,474
6881,19,473
6882,20,472
6883,21,473
6884,22,472
6885,23,473
6886,24,472
6887,25,473
6888,26,472
6889,27,473
6890,28,472
6891,29,473
6892,28,474
6893,27,475
6894,28,476
6895,27,475
6896,28,476
6897,29,477
6898,28,478
6899,27,479
6900,26,478
6901,27,477
6902,28,476
6903,27,475
6904,28,476
6905,27,475
6906,28,476
6907,29,477
6908,28,478
6909,27,479
6910,26,478
6911,25,479
6912,26,480
6913,27,481
6914,26,482
6915,27,481
6916,28,480
6917,27,479
6918,26,478
6919,25,479
6920,24,478
6921,23,479
6922,22,478
6923,21,479
6924,20,478
6925,19,479
6926,18,478
6927,17,479
6928,18,480
6929,19,481
6930,18,482
6931,19,481
6932,20,480
6933,19,479
6934,18,478
6935,17,479
6936,16,478
6937,15,479
6938,16,480
6939,17,481
6940,16,482
6941,17,481
6942,16,482
6943,15,483
6944,14,482
6945,15,481
6946,16,482
6947,15,483
6948,16,482
6949,15,483
6950,14,484
6951,15,485
6952,16,486
6953,17,485
6954,18,486
6955,19,485
6956,18,484
6957,17,483
6958,18,482
6959,17,483
6960,16,484
6961,17,485
6962,18,486
6963,19,485
6964,20,486
6965,19,487
6966,18,488
6967,19,489
6968,18,488
6969,19,489
6970,20,490
6971,19,491
6972,18,492
6973,17,491
6974,18,490
6975,19,489
6976,18,488
6977,19,489
6978,18,488
6979,17,487
6980,16,488
6981,15,487
6982,16,486
6983,17,485
6984,16,484
6985,17,485
6986,18,484
6987,17,483
6988,18,484
6989,19,485
6990,18,486
6991,17,487
6992,16,486
6993,17,485
6994,18,486
6995,17,487
6996,16,488
6997,17,489
6998,18,488
6999,17,487
7000,18,488
7001,17,487
7002,16,486
7003,17,485
7004,18,484
7005,19,485
7006,20,484
7007,19,483
7008,20,484
7009,21,485
7010,22,484
7011,21,483
7012,22,484
7013,23,485
7014,22,486
7015,21,487
7016,20,486
7017,21,485
7018,20,486
7019,19,487
7020,18,486
7021,19,485
7022,18,486
7023,17,487
7024,18,488
7025,19,489
7026,20,488
7027,19,487
7028,20,488
7029,21,489
7030,22,488
7031,21,487
7032,22,488
7033,21,487
7034,20,486
7035,21,485
7036,22,484
7037,23,485
7038,24,484
7039,23,483
7040,22,482
7041,23,481
7042,22,482
7043,21,483
7044,22,484
7045,23,485
7046,24,484
7047,25,485
7048,24,486
7049,25,485
7050,26,484
7051,25,483
7052,24,482
7053,23,483
7054,24,484
7055,23,483
7056,24,484
7057,25,485
7058,26,484
7059,25,483
7060,26,484
7061,27,485
7062,28,484
7063,27,483
7064,26,482
7065,27,481
7066,26,482
7067,25,483
7068,24,482
7069,25,481
7070,24,482
7071,23,483
7072,22,482
7073,23,481
7074,24,480
7075,23,479
7076,24,480
7077,25,481
7078,26,480
7079,25,479
7080,26,480
7081,27,481
7082,28,480
7083,29,481
7084,30,480
7085,29,479
7086,28,478
7087,29,477
7088,28,478
7089,27,479
7090,28,480
7091,29,481
7092,30,480
7093,31,481
7094,30,482
7095,29,483
7096,30,484
7097,29,483
7098,30,484
7099,31,485
7100,32,484
7101,31,483
7102,32,484
7103,33,485
7104,32,486
7105,31,487
7106,30,486
7107,31,485
7108,30,486
7109,29,487
7110,28,486
7111,29,485
7112,30,484
7113,29,483
7114,30,484
7115,31,485
7116,32,484
7117,31,483
7118,32,484
7119,31,483
7120,30,482
7121,29,483
7122,28,482
7123,29,481
7124,28,482
7125,27,483
7126,28,484
7127,29,485
7128,30,484
7129,29,483
7130,30,484
7131,29,483
7132,30,484
7133,29,483
7134,30,484
7135,31,485
7136,30,486
7137,29,487
7138,28,486
7139,27,487
7140,26,486
7141,25,487
7142,24,486
7143,23,487
7144,24,488
7145,23,487
7146,22,486
7147,21,487
7148,22,488
7149,21,487
7150,20,486
7151,19,487
7152,20,488
7153,19,487
7154,20,488
7155,21,489
7156,22,488
7157,23,489
7158,22,490
7159,21,491
7160,22,492
7161,21,491
7162,20,490
7163,21,489
7164,22,488
7165,23,489
7166,24,488
7167,25,489
7168,24,490
7169,23,491
7170,24,492
7171,23,491
7172,24,492
7173,25,493
7174,24,494
7175,23,495
7176,22,494
7177,23,493
7178,24,492
7179,23,491
7180,24,492
7181,23,491
7182,24,492
7183,25,493
7184,24,494
7185,23,495
7186,22,494
7187,21,495
7188,22,496
7189,23,497
7190,22,498
7191,23,497
7192,24,496
7193,23,495
7194,22,494
7195,21,495
7196,20,494
7197,21,493
7198,20,494
7199,19,495
7200,20,496
7201,21,497
7202,22,496
7203,21,495
7204,22,496
7205,21,495
7206,22,496
7207,23,497
7208,22,498
7209,21,499
7210,20,498
7211,19,499
7212,20,500
7213,21,501
7214,20,502
7215,21,501
7216,22,500
7217,21,499
7218,20,498
7219,19,499
7220,18,498
7221,17,499
7222,16,498
7223,17,497
7224,16,498
7225,17,497
7226,16,498
7227,17,497
7228,18,496
7229,19,497
7230,20,496
7231,19,495
7232,18,494
7233,19,493
7234,18,494
7235,17,495
7236,18,496
7237,19,497
7238,20,496
7239,21,497
7240,20,498
7241,19,499
7242,20,500
7243,19,499
7244,20,500
7245,19,499
7246,20,500
7247,19,499
7248,20,500
7249,19,499
7250,20,500
7251,21,501
7252,20,502
7253,19,503
7254,18,502
7255,17,503
7256,18,504
7257,19,505
7258,18,506
7259,19,505
7260,20,504
7261,19,503
7262,18,502
7263,17,503
7264,16,502
7265,17,501
7266,16,502
7267,15,503
7268,16,504
7269,17,505
7270,18,504
7271,17,503
7272,18,504
7273,19,503
7274,20,504
7275,19,505
7276,18,506
7277,19,507
7278,18,506
7279,19,507
7280,20,508
7281,19,509
7282,18,510
7283,17,509
7284,18,508
7285,19,507
7286,18,506
7287,19,507
7288,18,506
7289,17,505
7290,18,504
7291,19,503
7292,20,504
7293,21,503
7294,22,504
7295,21,505
7296,20,506
7297,21,507
7298,20,506
7299,21,507
7300,22,508
7301,21,509
7302,20,510
7303,19,509
7304,20,508
7305,21,507
7306,20,506
7307,21,507
7308,20,506
7309,21,507
7310,22,508
7311,21,509
7312,20,510
7313,19,509
7314,18,510
7315,17,509
7316,18,508
7317,17,509
7318,16,510
7319,15,509
7320,16,508
7321,17,507
7322,16,506
7323,17,507
7324,18,508
7325,19,507
7326,18,506
7327,19,507
7328,20,508
7329,19,509
7330,18,510
7331,17,509
7332,18,508
7333,17,509
7334,16,510
7335,15,509
7336,14,510
7337,15,511
7338,14,510
7339,15,511
7340,14,510
7341,15,511
7342,14,510
7343,15,511
7344,16,512
7345,17,511
7346,16,510
7347,17,511
7348,18,512
7349,19,511
7350,20,512
7351,21,511
7352,22,512
7353,23,511
7354,24,512
7355,23,513
7356,22,514
7357,23,515
7358,22,514
7359,23,515
7360,22,514
7361,23,515
7362,24,516
7363,23,517
7364,22,518
7365,21,517
7366,20,518
7367,21,519
7368,20,518
7369,21,519
7370,22,520
7371,23,519
7372,22,518
7373,23,519
7374,22,518
7375,23,519
7376,24,520
7377,23,521
7378,22,522
7379,21,521
7380,22,520
7381,23,519
7382,22,518
7383,23,519
7384,22,518
7385,23,519
7386,24,520
7387,23,521
7388,22,522
7389,21,521
7390,20,522
7391,21,523
7392,22,524
7393,21,525
7394,22,524
7395,23,523
7396,22,522
7397,21,521
7398,20,522
7399,19,521
7400,18,522
7401,19,523
7402,20,524
7403,19,525
7404,20,524
7405,19,525
7406,20,524
7407,21,523
7408,22,524
7409,21,525
7410,22,524
7411,21,525
7412,20,526
7413,19,525
7414,18,526
7415,19,527
7416,18,526
7417,19,527
7418,20,528
7419,19,529
7420,18,530
7421,17,529
7422,16,530
7423,15,529
7424,14,530
7425,15,531
7426,16,532
7427,15,533
7428,16,532
7429,15,533
7430,16,532
7431,15,533
7432,14,534
7433,15,535
7434,16,536
7435,17,535
7436,18,536
7437,19,535
7438,18,534
7439,17,533
7440,18,532
7441,17,533
7442,18,532
7443,17,533
7444,18,532
7445,17,533
7446,16,534
7447,15,533
7448,16,532
7449,15,533
7450,14,534
7451,13,533
7452,12,534
7453,11,533
7454,10,534
7455,9,533
7456,8,534
7457,9,533
7458,10,532
7459,9,531
7460,8,530
7461,9,531
7462,10,532
7463,9,533
7464,8,534
7465,9,533
7466,8,534
7467,7,535
7468,6,534
7469,7,535
7470,6,534
7471,5,533
7472,6,532
7473,7,531
7474,8,532
7475,7,533
7476,6,534
7477,7,535
7478,6,534
7479,7,535
7480,6,534
7481,5,533
7482,4,534
7483,5,535
7484,4,534
7485,5,535
7486,6,536
7487,7,535
7488,8,536
7489,9,535
7490,8,534
7491,9,535
7492,10,536
7493,11,535
7494,10,534
7495,11,535
7496,12,536
7497,13,535
7498,14,536
7499,15,535
7500,14,534
7501,13,533
7502,14,532
7503,13,533
7504,12,534
7505,13,535
7506,14,536
7507,15,535
7508,16,536
7509,17,535
7510,18,536
7511,17,537
7512,18,536
7513,17,537
7514,18,536
7515,17,537
7516,16,538
7517,15,537
7518,16,536
7519,15,537
7520,16,536
7521,15,537
7522,16,536
7523,15,537
7524,14,538
7525,13,537
7526,14,536
7527,13,537
7528,14,536
7529,15,535
7530,14,534
7531,13,533
7532,12,534
7533,13,535
7534,14,536
7535,13,537
7536,14,536
7537,13,537
7538,12,538
7539,13,539
7540,14,540
7541,15,539
7542,16,540
7543,15,541
7544,14,542
7545,15,543
7546,14,542
7547,13,541
7548,14,540
7549,15,539
7550,16,540
7551,17,539
7552,18,540
7553,19,539
7554,20,540
7555,19,541
7556,20,540
7557,21,539
7558,20,538
7559,19,537
7560,18,538
7561,19,539
7562,18,538
7563,17,537
7564,18,536
7565,19,535
7566,20,536
7567,19,537
7568,20,536
7569,19,537
7570,20,536
7571,21,535
7572,20,534
7573,19,533
7574,18,534
7575,19,535
7576,20,536
7577,19,537
7578,20,536
7579,19,537
7580,18,538
7581,17,537
7582,18,536
7583,17,537
7584,16,538
7585,17,539
7586,18,540
7587,19,539
7588,18,538
7589,19,539
7590,20,540
7591,21,539
7592,22,540
7593,23,539
7594,24,540
7595,23,541
7596,22,542
7597,23,543
7598,22,542
7599,21,541
7600,22,540
7601,23,539
7602,24,540
7603,25,539
7604,26,540
7605,25,541
7606,24,542
7607,25,543
7608,24,542
7609,25,543
7610,26,544
7611,25,545
7612,24,546
7613,23,545
7614,24,544
7615,25,543
7616,24,542
7617,25,543
7618,24,542
7619,25,543
7620,26,544
7621,25,545
7622,24,546
7623,23,545
7624,22,546
7625,23,547
7626,24,548
7627,23,549
7628,24,548
7629,25,547
7630,24,546
7631,23,545
7632,22,546
7633,21,545
7634,20,546
7635,19,545
7636,20,544
7637,21,543
7638,20,542
7639,21,543
7640,22,544
7641,21,545
7642,20,546
7643,19,545
7644,18,546
7645,19,547
7646,18,546
7647,19,547
7648,18,546
7649,17,545
7650,18,544
7651,19,543
7652,20,544
7653,19,545
7654,18,546
7655,19,547
7656,18,546
7657,19,547
7658,18,546
7659,17,545
7660,16,546
7661,15,545
7662,14,546
7663,15,547
7664,16,548
7665,15,549
7666,16,548
7667,17,547
7668,16,546
7669,15,545
7670,14,546
7671,13,545
7672,14,544
7673,13,545
7674,14,544
7675,13,545
7676,12,546
7677,11,545
7678,12,544
7679,13,543
7680,12,542
7681,13,543
7682,14,544
7683,15,543
7684,14,542
7685,13,541
7686,14,540
7687,13,541
7688,12,542
7689,11,541
7690,10,542
7691,9,541
7692,10,540
7693,11,539
7694,10,538
7695,11,539
7696,10,538
7697,9,537
7698,10,536
7699,11,535
7700,12,536
7701,11,537
7702,10,538
7703,11,539
7704,10,538
7705,11,539
7706,10,538
7707,11,539
7708,10,538
7709,9,537
7710,8,538
7711,9,539
7712,8,538
7713,9,539
7714,10,540
7715,11,539
7716,12,540
7717,11,541
7718,12,540
7719,13,539
7720,14,540
7721,15,539
7722,16,540
7723,17,539
7724,16,538
7725,17,539
7726,18,540
7727,19,539
7728,18,538
7729,17,537
7730,18,536
7731,17,537
7732,16,538
7733,15,537
7734,16,536
7735,15,537
7736,16,536
7737,15,537
7738,16,536
7739,15,537
7740,14,538
7741,15,539
7742,16,540
7743,17,539
7744,18,540
7745,19,539
7746,20,540
7747,19,541
7748,18,542
7749,19,543
7750,18,542
7751,19,543
7752,18,542
7753,17,541
7754,16,542
7755,15,541
7756,14,542
7757,15,543
7758,16,544
7759,15,545
7760,16,544
7761,17,543
7762,16,542
7763,15,541
7764,14,542
7765,13,541
7766,12,542
7767,13,543
7768,12,542
7769,11,541
7770,10,542
7771,11,543
7772,10,542
7773,11,543
7774,12,544
7775,13,543
7776,12,542
7777,11,541
7778,12,540
7779,11,541
7780,10,542
7781,9,541
7782,10,540
7783,11,539
7784,10,538
7785,11,539
7786,12,540
7787,13,539
7788,14,540
7789,15,539
7790,14,538
7791,15,539
7792,14,538
7793,15,539
7794,14,538
7795,15,539
7796,16,540
7797,15,541
7798,14,542
7799,13,541
7800,14,540
7801,15,539
7802,14,538
7803,15,539
7804,14,538
7805,15,539
7806,16,540
7807,15,541
7808,14,542
7809,13,541
7810,12,542
7811,11,541
7812,10,542
7813,11,543
7814,12,542
7815,11,541
7816,12,542
7817,13,543
7818,14,542
7819,15,543
7820,14,544
7821,13,545
7822,14,546
7823,13,545
7824,12,544
7825,13,543
7826,14,542
7827,15,543
7828,16,542
7829,17,543
7830,16,544
7831,15,545
7832,16,546
7833,15,545
7834,16,546
7835,17,547
7836,16,548
7837,15,549
7838,14,548
7839,15,547
7840,16,546
7841,15,545
7842,16,546
7843,15,545
7844,16,546
7845,17,547
7846,16,548
7847,15,549
7848,14,548
7849,13,549
7850,12,548
7851,11,549
7852,12,550
7853,13,551
7854,12,552
7855,13,551
7856,12,552
7857,11,553
7858,12,554
7859,13,555
7860,14,554
7861,13,553
7862,12,552
7863,13,551
7864,12,552
7865,13,551
7866,12,552
7867,11,553
7868,10,552
7869,11,551
7870,12,552
7871,11,553
7872,12,552
7873,13,551
7874,12,550
7875,11,549
7876,10,550
7877,11,551
7878,12,550
7879,11,549
7880,12,550
7881,13,551
7882,14,550
7883,15,551
7884,14,552
7885,15,551
7886,14,552
7887,13,553
7888,14,554
7889,15,555
7890,16,554
7891,15,553
7892,14,552
7893,15,551
7894,14,552
7895,15,551
7896,14,552
7897,13,553
7898,14,554
7899,15,555
7900,16,554
7901,17,555
7902,16,556
7903,15,557
7904,16,558
7905,15,557
7906,14,556
7907,15,555
7908,16,554
7909,17,555
7910,18,554
7911,19,555
7912,18,556
7913,17,557
7914,18,558
7915,17,557
7916,18,558
7917,19,559
7918,18,560
7919,17,561
7920,16,560
7921,17,559
7922,18,558
7923,17,557
7924,18,558
7925,17,557
7926,16,556
7927,15,557
7928,16,558
7929,17,559
7930,16,560
7931,17,559
7932,18,558
7933,19,559
7934,20,558
7935,21,559
7936,20,560
7937,19,561
7938,20,562
7939,19,561
7940,20,562
7941,21,563
7942,20,564
7943,19,565
7944,18,564
7945,19,563
7946,20,562
7947,19,561
7948,20,562
7949,19,561
7950,20,562
7951,21,563
7952,20,564
7953,19,565
7954,18,564
7955,17,565
7956,16,564
7957,17,563
7958,18,562
7959,17,561
7960,18,562
7961,19,563
7962,18,564
7963,17,565
7964,16,564
7965,15,565
7966,14,564
7967,15,563
7968,16,562
7969,15,561
7970,16,562
7971,15,561
7972,16,562
7973,15,561
7974,16,562
7975,17,563
7976,16,564
7977,15,565
7978,14,564
7979,13,565
7980,14,566
7981,15,567
7982,14,568
7983,15,567
7984,16,566
7985,15,565
7986,14,564
7987,13,565
7988,12,564
7989,13,563
7990,12,564
7991,11,565
7992,10,564
7993,11,563
7994,12,562
7995,11,561
7996,12,562
7997,13,563
7998,14,562
7999,13,561
8000,14,562
8001,13,561
8002,12,560
8003,11,561
8004,12,562
8005,13,563
8006,12,564
8007,13,563
8008,14,562
8009,15,563
8010,14,564
8011,13,565
8012,14,566
8013,13,565
8014,12,564
8015,11,565
8016,10,564
8017,9,565
8018,10,566
8019,9,565
8020,8,564
8021,7,565
8022,6,564
8023,5,565
8024,6,566
8025,5,565
8026,6,566
8027,5,565
8028,4,564
8029,5,565
8030,4,564
8031,3,563
8032,2,564
8033,3,565
8034,4,566
8035,3,567
8036,4,566
8037,5,565
8038,6,566
8039,5,567
8040,4,568
8041,5,569
8042,4,568
8043,3,567
8044,2,568
8045,3,567
8046,2,568
8047,1,569
8048,0,568
8049,1,569
8050,2,570
8051,1,571
8052,0,572
8053,1,571
8054,2,570
8055,1,569
8056,0,568
8057,1,569
8058,2,568
8059,1,567
8060,0,566
8061,1,565
8062,2,566
8063,3,565
8064,2,564
8065,1,563
8066,2,562
8067,1,563
8068,0,564
8069,1,565
8070,2,566
8071,3,565
8072,4,566
8073,3,567
8074,4,566
8075,3,567
8076,4,566
8077,5,565
8078,6,566
8079,7,565
8080,8,566
8081,7,567
8082,6,568
8083,7,569
8084,6,568
8085,7,569
8086,8,570
8087,9,569
8088,8,568
8089,9,569
8090,10,570
8091,9,571
8092,8,572
8093,7,571
8094,8,570
8095,7,571
8096,6,572
8097,5,571
8098,6,570
8099,7,569
8100,6,568
8101,7,569
8102,8,570
8103,9,569
8104,8,568
8105,9,569
8106,8,568
8107,7,567
8108,8,566
8109,9,565
8110,10,566
8111,11,565
8112,12,566
8113,13,565
8114,12,564
8115,11,563
8116,12,562
8117,11,563
8118,12,562
8119,13,561
8120,14,562
8121,13,563
8122,12,564
8123,13,565
8124,12,564
8125,11,563
8126,10,564
8127,11,565
8128,12,566
8129,11,567
8130,12,566
8131,13,565
8132,14,566
8133,15,565
8134,14,564
8135,15,565
8136,16,566
8137,15,567
8138,14,568
8139,13,567
8140,14,566
8141,13,567
8142,14,566
8143,15,565
8144,14,564
8145,13,563
8146,12,564
8147,13,565
8148,14,566
8149,13,567
8150,14,566
8151,13,567
8152,14,566
8153,15,565
8154,14,564
8155,13,563
8156,12,564
8157,11,563
8158,12,562
8159,13,561
8160,12,560
8161,13,561
8162,14,562
8163,13,563
8164,12,564
8165,11,563
8166,10,564
8167,9,563
8168,10,562
8169,11,561
8170,10,560
8171,11,561
8172,10,560
8173,9,559
8174,8,560
8175,9,561
8176,10,562
8177,9,563
8178,10,562
8179,11,561
8180,12,562
8181,11,563
8182,10,564
8183,11,565
8184,10,564
8185,9,563
8186,8,564
8187,7,563
8188,6,564
8189,5,563
8190,4,564
8191,3,563
8192,2,564
8193,3,565
8194,4,566
8195,3,567
8196,4,566
8197,5,567
8198,6,566
8199,7,567
8200,6,568
8201,5,569
8202,6,570
8203,5,569
8204,4,568
8205,5,567
8206,6,566
8207,7,567
8208,8,566
8209,9,567
8210,10,566
8211,11,567
8212,10,568
8213,11,567
8214,12,566
8215,11,565
8216,10,564
8217,9,565
8218,10,566
8219,9,565
8220,8,564
8221,9,563
8222,10,562
8223,11,563
8224,10,564
8225,11,563
8226,10,564
8227,9,565
8228,10,566
8229,11,567
8230,12,566
8231,13,567
8232,14,566
8233,15,567
8234,14,568
8235,13,569
8236,14,570
8237,13,569
8238,12,568
8239,13,567
8240,14,566
8241,15,567
8242,16,566
8243,17,567
8244,16,568
8245,15,569
8246,16,570
8247,15,569
8248,16,570
8249,17,571
8250,16,572
8251,15,573
8252,14,572
8253,15,571
8254,16,570
8255,15,569
8256,16,570
8257,15,569
8258,16,570
8259,17,571
8260,16,572
8261,15,573
8262,14,572
8263,13,573
8264,14,574
8265,15,575
8266,14,576
8267,15,575
8268,16,574
8269,15,573
8270,14,572
8271,13,573
8272,12,572
8273,13,571
8274,12,572
8275,11,573
8276,10,572
8277,11,571
8278,10,572
8279,11,571
8280,10,572
8281,11,571
8282,10,572
8283,9,573
8284,10,574
8285,11,575
8286,12,574
8287,11,573
8288,10,572
8289,11,571
8290,10,572
8291,11,571
8292,12,570
8293,11,569
8294,10,568
8295,9,569
8296,8,568
8297,7,569
8298,6,568
8299,7,567
8300,8,566
8301,7,565
8302,8,566
8303,9,567
8304,8,568
8305,7,569
8306,6,568
8307,5,569
8308,6,570
8309,7,571
8310,6,572
8311,7,571
8312,6,572
8313,7,571
8314,8,570
8315,9,571
8316,10,570
8317,11,571
8318,10,572
8319,9,573
8320,10,574
8321,9,573
8322,10,574
8323,9,573
8324,8,572
8325,9,571
8326,10,570
8327,11,571
8328,10,572
8329,9,573
8330,10,574
8331,9,573
8332,10,574
8333,11,575
8334,10,576
8335,9,577
8336,8,576
8337,7,577
8338,6,576
8339,5,577
8340,4,576
8341,5,575
8342,6,576
8343,7,575
8344,6,574
8345,7,575
8346,8,576
8347,7,577
8348,6,578
8349,5,577
8350,6,576
8351,5,577
8352,6,576
8353,7,575
8354,8,576
8355,9,575
8356,8,574
8357,7,573
8358,8,572
8359,7,573
8360,8,572
8361,9,571
8362,10,572
8363,9,573
8364,8,574
8365,9,575
8366,8,574
8367,7,573
8368,6,574
8369,7,575
8370,8,576
8371,7,577
8372,8,576
8373,9,575
8374,10,576
8375,11,575
8376,12,576
8377,11,577
8378,12,576
8379,13,575
8380,14,576
8381,13,577
8382,14,576
8383,13,577
8384,12,578
8385,11,577
8386,10,578
8387,9,577
8388,10,576
8389,11,575
8390,10,574
8391,11,575
8392,12,576
8393,11,577
8394,10,578
8395,9,577
8396,8,578
8397,7,577
8398,6,578
8399,5,577
8400,4,578
8401,5,577
8402,4,578
8403,5,577
8404,6,576
8405,7,577
8406,6,578
8407,7,577
8408,6,578
8409,5,579
8410,6,580
8411,7,581
8412,8,580
8413,7,579
8414,6,578
8415,7,577
8416,6,578
8417,7,577
8418,6,578
8419,5,579
8420,6,580
8421,7,581
8422,8,580
8423,7,579
8424,6,578
8425,7,577
8426,6,578
8427,7,577
8428,8,576
8429,9,577
8430,8,578
8431,7,579
8432,8,580
8433,7,579
8434,6,578
8435,5,579
8436,4,578
8437,5,577
8438,6,576
8439,5,575
8440,6,576
8441,7,577
8442,6,578
8443,5,579
8444,4,578
8445,3,579
8446,4,580
8447,5,581
8448,4,582
8449,5,581
8450,6,582
8451,7,581
8452,6,580
8453,5,579
8454,6,578
8455,5,579
8456,6,578
8457,7,577
8458,8,578
8459,7,579
8460,6,580
8461,7,581
8462,6,580
8463,5,579
8464,4,580
8465,5,581
8466,6,582
8467,5,583
8468,6,582
8469,7,581
8470,8,582
8471,9,581
8472,8,580
8473,7,579
8474,8,578
8475,7,579
8476,8,578
8477,7,579
8478,8,578
8479,7,579
8480,8,578
8481,9,577
8482,8,576
8483,7,575
8484,6,576
8485,7,577
8486,8,578
8487,7,579
8488,8,578
8489,7,579
8490,8,578
8491,9,577
8492,10,578
8493,9,579
8494,10,578
8495,9,579
8496,10,578
8497,11,579
8498,10,580
8499,9,581
8500,10,582
8501,11,581
8502,12,582
8503,11,583
8504,10,584
8505,11,585
8506,10,584
8507,9,583
8508,10,582
8509,11,581
8510,12,582
8511,13,581
8512,12,580
8513,11,579
8514,12,578
8515,11,579
8516,12,578
8517,13,579
8518,12,580
8519,11,581
8520,12,582
8521,13,581
8522,14,582
8523,13,583
8524,12,584
8525,13,585
8526,12,584
8527,11,583
8528,12,582
8529,13,581
8530,14,582
8531,15,581
8532,16,582
8533,15,583
8534,14,584
8535,15,585
8536,14,584
8537,15,585
8538,14,584
8539,15,585
8540,14,584
8541,15,585
8542,16,586
8543,15,587
8544,14,588
8545,13,587
8546,14,586
8547,15,585
8548,14,584
8549,15,585
8550,14,584
8551,13,583
8552,14,582
8553,15,581
8554,16,582
8555,17,581
8556,18,582
8557,17,583
8558,16,584
8559,17,585
8560,16,584
8561,17,585
8562,18,586
8563,17,587
8564,16,588
8565,15,587
8566,16,586
8567,17,585
8568,16,584
8569,17,585
8570,16,584
8571,17,585
8572,18,586
8573,19,585
8574,20,586
8575,21,585
8576,20,584
8577,21,585
8578,20,584
8579,21,585
8580,22,586
8581,23,585
8582,24,586
8583,23,587
8584,22,588
8585,23,589
8586,22,588
8587,21,587
8588,22,586
8589,23,585
8590,24,586
8591,25,585
8592,24,584
8593,25,585
8594,26,586
8595,27,585
8596,28,586
8597,27,587
8598,26,588
8599,27,589
8600,26,588
8601,27,589
8602,28,590
8603,27,591
8604,26,592
8605,25,591
8606,26,590
8607,27,589
8608,26,588
8609,27,589
8610,26,588
8611,27,589
8612,28,590
8613,27,591
8614,26,592
8615,25,591
8616,26,590
8617,27,589
8618,26,588
8619,27,589
8620,26,588
8621,25,587
8622,26,586
8623,27,585
8624,28,586
8625,29,585
8626,30,586
8627,31,585
8628,30,584
8629,29,583
8630,30,582
8631,29,583
8632,28,584
8633,29,585
8634,30,586
8635,31,585
8636,32,586
8637,31,587
8638,30,588
8639,31,589
8640,30,588
8641,31,589
8642,30,588
8643,29,587
8644,28,588
8645,29,589
8646,30,590
8647,29,591
8648,30,590
8649,31,589
8650,32,590
8651,33,589
8652,34,590
8653,35,589
8654,36,590
8655,35,591
8656,34,592
8657,35,593
8658,34,592
8659,35,593
8660,36,594
8661,37,593
8662,38,594
8663,37,595
8664,38,594
8665,39,593
8666,38,592
8667,37,591
8668,36,592
8669,37,593
8670,36,592
8671,35,591
8672,36,590
8673,37,589
8674,38,590
8675,37,591
8676,38,590
8677,37,591
8678,38,590
8679,39,589
8680,38,588
8681,37,587
8682,36,588
8683,35,587
8684,36,586
8685,35,587
8686,34,588
8687,35,589
8688,36,590
8689,37,589
8690,36,588
8691,37,589
8692,38,590
8693,37,591
8694,36,592
8695,35,591
8696,36,590
8697,35,591
8698,36,590
8699,35,591
8700,34,592
8701,35,593
8702,36,594
8703,37,593
8704,38,594
8705,37,595
8706,36,596
8707,37,597
8708,36,596
8709,35,595
8710,36,594
8711,37,593
8712,38,594
8713,39,593
8714,40,594
8715,41,593
8716,42,594
8717,41,595
8718,40,596
8719,41,597
8720,40,596
8721,39,595
8722,40,594
8723,41,593
8724,42,594
8725,43,593
8726,44,594
8727,43,595
8728,42,596
8729,43,597
8730,42,596
8731,43,597
8732,44,598
8733,43,599
8734,42,600
8735,41,599
8736,42,598
8737,43,597
8738,42,596
8739,43,597
8740,42,596
8741,43,597
8742,44,598
8743,43,599
8744,42,600
8745,41,599
8746,40,600
8747,39,599
8748,38,600
8749,37,599
8750,38,598
8751,37,599
8752,38,598
8753,37,599
8754,38,598
8755,39,597
8756,38,596
8757,37,595
8758,36,596
8759,37,597
8760,38,598
8761,37,599
8762,38,598
8763,37,599
8764,38,598
8765,37,599
8766,36,600
8767,37,601
8768,38,602
8769,39,601
8770,40,602
8771,39,603
8772,38,604
8773,39,605
8774,38,604
8775,37,603
8776,38,602
8777,39,601
8778,40,602
8779,41,601
8780,42,602
8781,41,603
8782,40,604
8783,41,605
8784,40,604
8785,41,605
8786,40,604
8787,41,605
8788,42,606
8789,41,607
8790,40,608
8791,39,607
8792,38,608
8793,37,607
8794,36,608
8795,35,607
8796,36,606
8797,35,607
8798,36,606
8799,37,605
8800,38,606
8801,37,607
8802,38,606
8803,37,607
8804,36,608
8805,37,609
8806,38,610
8807,39,609
8808,38,608
8809,37,607
8810,38,606
8811,37,607
8812,38,606
8813,37,607
8814,36,608
8815,37,609
8816,38,610
8817,39,609
8818,40,610
8819,39,611
8820,38,612
8821,39,613
8822,38,612
8823,37,611
8824,38,610
8825,39,609
8826,40,610
8827,41,609
8828,42,610
8829,41,611
8830,40,612
8831,41,613
8832,40,612
8833,41,613
8834,40,612
8835,39,611
8836,38,612
8837,39,613
8838,38,612
8839,39,613
8840,38,612
8841,39,613
8842,40,614
8843,39,615
8844,38,616
8845,37,615
8846,38,614
8847,39,613
8848,38,612
8849,39,613
8850,38,612
8851,37,611
8852,38,610
8853,39,609
8854,40,610
8855,41,609
8856,40,608
8857,41,609
8858,40,608
8859,41,609
8860,42,610
8861,41,611
8862,40,612
8863,39,611
8864,40,610
8865,41,609
8866,40,608
8867,41,609
8868,40,608
8869,41,609
8870,42,610
8871,41,611
8872,40,612
8873,39,611
8874,38,612
8875,37,611
8876,38,610
8877,37,611
8878,36,612
8879,37,613
8880,38,614
8881,39,613
8882,38,612
8883,39,613
8884,40,614
8885,39,615
8886,38,616
8887,37,615
8888,38,614
8889,37,615
8890,38,614
8891,37,615
8892,36,616
8893,37,617
8894,38,618
8895,39,617
8896,40,618
8897,39,619
8898,40,618
8899,39,619
8900,38,620
8901,39,621
8902,40,622
8903,41,621
8904,42,622
8905,43,621
8906,44,622
8907,45,621
8908,46,622
8909,45,623
8910,44,624
8911,45,625
8912,44,624
8913,43,623
8914,44,622
8915,45,621
8916,46,622
8917,47,621
8918,48,622
8919,47,623
8920,46,624
8921,47,625
8922,46,624
8923,47,625
8924,48,626
8925,47,627
8926,46,628
8927,45,627
8928,46,626
8929,47,625
8930,46,624
8931,47,625
8932,46,624
8933,47,625
8934,48,626
8935,47,627
8936,46,628
8937,45,627
8938,44,628
8939,43,627
8940,44,626
8941,43,627
8942,42,628
8943,41,627
8944,42,626
8945,41,627
8946,42,626
8947,41,627
8948,40,628
8949,39,627
8950,38,628
8951,39,629
8952,38,628
8953,37,627
8954,36,628
8955,37,629
8956,36,628
8957,35,627
8958,34,628
8959,33,627
8960,32,628
8961,31,627
8962,32,626
8963,33,625
8964,32,624
8965,33,625
8966,34,626
8967,33,627
8968,32,628
8969,31,627
8970,30,628
8971,29,627
8972,30,626
8973,29,627
8974,30,626
8975,31,625
8976,32,626
8977,33,625
8978,34,626
8979,33,627
8980,32,628
8981,33,629
8982,32,628
8983,33,629
8984,32,628
8985,33,629
8986,32,628
8987,33,629
8988,32,628
8989,33,629
8990,34,630
8991,35,629
8992,36,630
8993,35,631
8994,34,632
8995,35,633
8996,34,632
8997,35,633
8998,34,632
8999,33,631
9000,32,632
9001,33,633
9002,32,632
9003,31,631
9004,30,632
9005,31,633
9006,30,632
9007,29,631
9008,28,632
9009,29,633
9010,30,634
9011,29,635
9012,30,634
9013,31,633
9014,32,634
9015,31,635
9016,32,634
9017,33,633
9018,34,634
9019,33,635
9020,34,634
9021,35,633
9022,36,634
9023,35,635
9024,34,636
9025,35,637
9026,34,636
9027,33,635
9028,32,636
9029,33,637
9030,32,636
9031,31,635
9032,30,636
9033,31,637
9034,30,636
9035,29,635
9036,28,636
9037,27,635
9038,26,636
9039,27,637
9040,28,638
9041,27,639
9042,28,638
9043,29,637
9044,28,636
9045,27,635
9046,26,636
9047,25,635
9048,26,634
9049,27,633
9050,26,632
9051,27,633
9052,26,632
9053,27,633
9054,26,632
9055,27,633
9056,28,634
9057,27,635
9058,26,636
9059,25,635
9060,26,634
9061,27,633
9062,26,632
9063,27,633
9064,26,632
9065,27,633
9066,28,634
9067,27,635
9068,26,636
9069,25,635
9070,26,636
9071,27,637
9072,26,638
9073,25,639
9074,26,638
9075,27,637
9076,26,636
9077,25,635
9078,26,636
9079,25,635
9080,26,636
9081,27,637
9082,26,638
9083,25,639
9084,24,638
9085,23,639
9086,24,640
9087,23,639
9088,24,640
9089,25,641
9090,26,640
9091,27,641
9092,26,642
9093,27,641
9094,28,640
9095,29,641
9096,28,642
9097,27,643
9098,28,644
9099,27,643
9100,26,642
9101,25,643
9102,26,644
9103,25,643
9104,24,642
9105,25,641
9106,26,640
9107,27,641
9108,26,642
9109,27,641
9110,28,640
9111,29,641
9112,30,640
9113,31,641
9114,30,642
9115,29,643
9116,30,644
9117,29,643
9118,30,644
9119,31,645
9120,30,646
9121,29,647
9122,28,646
9123,29,645
9124,30,644
9125,29,643
9126,30,644
9127,29,643
9128,30,644
9129,31,645
9130,30,646
9131,29,647
9132,28,646
9133,27,647
9134,28,648
9135,29,649
9136,28,650
9137,29,649
9138,30,648
9139,29,647
9140,28,646
9141,27,647
9142,26,646
9143,27,645
9144,28,644
9145,27,643
9146,28,644
9147,27,643
9148,28,644
9149,27,643
9150,28,644
9151,29,645
9152,30,644
9153,31,645
9154,30,646
9155,29,647
9156,30,648
9157,29,647
9158,28,646
9159,29,645
9160,30,644
9161,31,645
9162,32,644
9163,33,645
9164,32,646
9165,31,647
9166,32,648
9167,31,647
9168,32,648
9169,33,649
9170,32,650
9171,31,651
9172,30,650
9173,31,649
9174,32,648
9175,31,647
9176,32,648
9177,31,647
9178,32,648
9179,33,649
9180,32,650
9181,31,651
9182,30,650
9183,29,651
9184,28,650
9185,27,651
9186,28,652
9187,27,651
9188,28,652
9189,27,651
9190,26,650
9191,25,651
9192,24,650
9193,25,649
9194,24,650
9195,23,651
9196,22,650
9197,21,651
9198,22,652
9199,21,651
9200,22,652
9201,21,651
9202,22,652
9203,23,653
9204,24,652
9205,23,651
9206,24,652
9207,25,653
9208,26,652
9209,25,651
9210,24,650
9211,25,649
9212,24,650
9213,23,651
9214,22,650
9215,23,649
9216,22,650
9217,21,651
9218,20,650
9219,19,651
9220,20,652
9221,19,651
9222,20,652
9223,21,653
9224,22,652
9225,23,653
9226,22,654
9227,21,655
9228,22,656
9229,21,655
9230,22,656
9231,23,657
9232,22,658
9233,21,659
9234,20,658
9235,21,657
9236,22,656
9237,21,655
9238,22,656
9239,21,655
9240,20,654
9241,21,653
9242,22,652
9243,23,653
9244,24,652
9245,25,653
9246,24,654
9247,23,655
9248,24,656
9249,23,655
9250,24,656
9251,23,655
9252,22,654
9253,23,653
9254,24,652
9255,25,653
9256,26,652
9257,25,651
9258,26,652
9259,27,653
9260,26,654
9261,25,655
9262,24,654
9263,25,653
9264,24,654
9265,23,655
9266,24,656
9267,25,657
9268,26,656
9269,25,655
9270,26,656
9271,25,655
9272,26,656
9273,27,657
9274,26,658
9275,25,659
9276,24,658
9277,23,659
9278,24,660
9279,25,661
9280,24,662
9281,25,661
9282,26,660
9283,25,659
9284,24,658
9285,23,659
9286,22,658
9287,23,657
9288,22,658
9289,21,659
9290,22,660
9291,23,661
9292,24,660
9293,23,659
9294,24,660
9295,23,659
9296,24,660
9297,23,659
9298,24,660
9299,25,661
9300,26,660
9301,27,661
9302,26,662
9303,25,663
9304,26,664
9305,25,663
9306,24,662
9307,25,661
9308,26,660
9309,27,661
9310,28,660
9311,29,661
9312,28,662
9313,27,663
9314,28,664
9315,27,663
9316,28,664
9317,29,665
9318,28,666
9319,27,667
9320,26,666
9321,27,665
9322,28,664
9323,27,663
9324,28,664
9325,27,663
9326,28,664
9327,29,665
9328,28,666
9329,27,667
9330,26,666
9331,25,667
9332,24,666
9333,23,667
9334,24,668
9335,23,667
9336,22,666
9337,21,667
9338,22,668
9339,21,667
9340,20,666
9341,19,667
9342,20,668
9343,19,667
9344,18,666
9345,19,667
9346,20,668
9347,21,667
9348,20,666
9349,21,667
9350,22,668
9351,23,667
9352,22,666
9353,23,667
9354,24,668
9355,23,669
9356,22,670
9357,21,669
9358,22,668
9359,21,669
9360,20,670
9361,19,669
9362,20,668
9363,19,669
9364,18,670
9365,19,669
9366,20,668
9367,21,669
9368,20,670
9369,21,669
9370,22,668
9371,23,669
9372,22,670
9373,23,669
9374,24,668
9375,25,669
9376,24,670
9377,25,669
9378,24,670
9379,23,671
9380,24,672
9381,25,673
9382,26,672
9383,25,671
9384,24,670
9385,25,669
9386,24,670
9387,25,669
9388,24,670
9389,23,671
9390,22,670
9391,23,669
9392,24,668
9393,23,667
9394,24,668
9395,25,669
9396,26,668
9397,27,669
9398,26,670
9399,27,669
9400,26,670
9401,27,669
9402,28,668
9403,29,669
9404,28,670
9405,27,671
9406,28,672
9407,27,671
9408,26,670
9409,25,671
9410,26,672
9411,27,673
9412,26,674
9413,27,673
9414,28,672
9415,29,673
9416,30,672
9417,31,673
9418,30,674
9419,31,673
9420,32,672
9421,33,673
9422,32,674
9423,31,675
9424,32,676
9425,31,675
9426,30,674
9427,29,675
9428,30,676
9429,29,675
9430,30,676
9431,31,677
9432,30,678
9433,29,679
9434,28,678
9435,29,677
9436,30,676
9437,29,675
9438,30,676
9439,29,675
9440,28,674
9441,29,673
9442,30,672
9443,31,673
9444,32,672
9445,33,673
9446,32,674
9447,31,675
9448,32,676
9449,31,675
9450,32,676
9451,33,677
9452,32,678
9453,31,679
9454,30,678
9455,31,677
9456,32,676
9457,31,675
9458,32,676
9459,31,675
9460,32,676
9461,33,677
9462,32,678
9463,31,679
9464,30,678
9465,29,679
9466,28,678
9467,27,679
9468,26,678
9469,27,677
9470,28,676
9471,27,675
9472,28,676
9473,27,675
9474,28,676
9475,27,675
9476,28,676
9477,29,677
9478,28,678
9479,27,679
9480,26,678
9481,25,679
9482,26,680
9483,27,681
9484,26,682
9485,27,681
9486,28,680
9487,27,679
9488,26,678
9489,25,679
9490,24,678
9491,25,677
9492,24,678
9493,23,679
9494,24,680
9495,25,681
9496,26,680
9497,25,679
9498,26,680
9499,25,679
9500,26,680
9501,27,681
9502,26,682
9503,25,683
9504,24,682
9505,23,683
9506,24,684
9507,25,685
9508,24,686
9509,25,685
9510,26,684
9511,25,683
9512,24,682
9513,23,683
9514,22,682
9515,23,681
9516,24,680
9517,23,679
9518,24,680
9519,23,679
9520,24,680
9521,25,681
9522,24,682
9523,23,683
9524,22,682
9525,21,683
9526,22,684
9527,23,685
9528,22,686
9529,23,685
9530,24,684
9531,23,683
9532,22,682
9533,21,683
9534,20,682
9535,21,681
9536,22,680
9537,21,679
9538,22,680
9539,21,679
9540,22,680
9541,23,681
9542,22,682
9543,21,683
9544,20,682
9545,21,683
9546,22,684
9547,21,685
9548,20,686
9549,21,685
9550,22,684
9551,21,683
9552,20,682
9553,21,683
9554,20,682
9555,19,681
9556,20,680
9557,21,679
9558,22,680
9559,23,679
9560,24,680
9561,23,681
9562,22,682
9563,23,683
9564,22,682
9565,23,683
9566,24,684
9567,23,685
9568,22,686
9569,21,685
9570,22,684
9571,23,683
9572,22,682
9573,23,683
9574,22,682
9575,21,681
9576,22,680
9577,23,679
9578,24,680
9579,25,679
9580,26,680
9581,25,681
9582,24,682
9583,25,683
9584,24,682
9585,25,683
9586,24,682
9587,23,681
9588,24,680
9589,25,679
9590,26,680
9591,25,681
9592,24,682
9593,25,683
9594,24,682
9595,25,683
9596,26,684
9597,27,683
9598,28,684
9599,27,685
9600,26,686
9601,27,687
9602,26,686
9603,25,685
9604,26,684
9605,27,683
9606,28,684
9607,29,683
9608,30,684
9609,29,685
9610,28,686
9611,29,687
9612,28,686
9613,29,687
9614,30,688
9615,29,689
9616,28,690
9617,27,689
9618,28,688
9619,29,687
9620,28,686
9621,29,687
9622,28,686
9623,29,687
9624,30,688
9625,29,689
9626,28,690
9627,27,689
9628,26,690
9629,25,689
9630,24,690
9631,25,691
9632,24,690
9633,25,691
9634,26,692
9635,25,693
9636,24,694
9637,23,693
9638,24,692
9639,25,691
9640,24,690
9641,25,691
9642,24,690
9643,23,689
9644,24,688
9645,25,687
9646,26,688
9647,27,687
9648,28,688
9649,27,689
9650,26,690
9651,27,691
9652,26,690
9653,27,691
9654,28,692
9655,27,693
9656,26,694
9657,25,693
9658,26,692
9659,27,691
9660,26,690
9661,27,691
9662,26,690
9663,27,691
9664,28,692
9665,27,693
9666,26,694
9667,25,693
9668,24,694
9669,25,695
9670,24,694
9671,23,693
9672,24,692
9673,25,691
9674,26,692
9675,25,693
9676,26,692
9677,27,691
9678,26,690
9679,25,689
9680,24,690
9681,25,691
9682,24,690
9683,25,691
9684,26,692
9685,27,691
9686,28,692
9687,27,693
9688,28,692
9689,29,691
9690,30,692
9691,29,693
9692,28,694
9693,29,695
9694,28,694
9695,27,693
9696,26,694
9697,27,695
9698,26,694
9699,25,693
9700,26,692
9701,27,691
9702,28,692
9703,27,693
9704,28,692
9705,29,691
9706,30,692
9707,31,691
9708,32,692
9709,31,693
9710,30,694
9711,31,695
9712,30,694
9713,31,695
9714,32,696
9715,31,697
9716,30,698
9717,29,697
9718,30,696
9719,31,695
9720,30,694
9721,31,695
9722,30,694
9723,31,695
9724,32,696
9725,31,697
9726,30,698
9727,29,697
9728,28,698
9729,29,699
9730,30,700
9731,29,701
9732,30,700
9733,31,699
9734,30,698
9735,29,697
9736,28,698
9737,27,697
9738,28,696
9739,29,695
9740,28,694
9741,29,695
9742,28,694
9743,29,695
9744,30,696
9745,29,697
9746,28,698
9747,27,697
9748,26,698
9749,25,697
9750,26,696
9751,25,697
9752,24,698
9753,23,697
9754,24,696
9755,25,695
9756,24,694
9757,25,695
9758,26,696
9759,27,695
9760,26,694
9761,27,695
9762,28,696
9763,27,697
9764,26,698
9765,25,697
9766,26,696
9767,25,697
9768,24,698
9769,23,697
9770,22,698
9771,21,697
9772,22,696
9773,21,697
9774,22,696
9775,23,695
9776,24,696
9777,25,695
9778,26,696
9779,25,697
9780,26,696
9781,25,697
9782,24,698
9783,25,699
9784,26,700
9785,27,699
9786,28,700
9787,29,699
9788,28,698
9789,29,699
9790,30,700
9791,29,701
9792,28,702
9793,27,701
9794,28,700
9795,27,701
9796,26,702
9797,27,703
9798,28,704
9799,29,703
9800,28,702
9801,29,703
9802,28,702
9803,29,703
9804,30,704
9805,29,705
9806,28,706
9807,27,705
9808,26,706
9809,27,707
9810,28,708
9811,27,709
9812,28,708
9813,29,707
9814,28,706
9815,27,705
9816,26,706
9817,25,705
9818,26,704
9819,27,703
9820,26,702
9821,27,703
9822,26,702
9823,25,701
9824,26,700
9825,27,699
9826,28,700
9827,27,701
9828,26,702
9829,27,703
9830,26,702
9831,27,703
9832,26,702
9833,27,703
9834,26,702
9835,27,703
9836,28,704
9837,27,705
9838,26,706
9839,25,705
9840,26,704
9841,27,703
9842,26,702
9843,27,703
9844,26,702
9845,27,703
9846,28,704
9847,27,705
9848,26,706
9849,25,705
9850,24,706
9851,23,705
9852,22,706
9853,23,707
9854,22,706
9855,23,707
9856,24,708
9857,23,709
9858,22,710
9859,21,709
9860,22,708
9861,23,707
9862,22,706
9863,23,707
9864,22,706
9865,23,707
9866,24,708
9867,23,709
9868,22,710
9869,21,709
9870,20,710
9871,21,711
9872,22,712
9873,21,713
9874,22,712
9875,23,711
9876,22,710
9877,21,709
9878,20,710
9879,19,709
9880,18,710
9881,19,711
9882,20,712
9883,19,713
9884,20,712
9885,19,713
9886,20,712
9887,21,711
9888,22,712
9889,21,713
9890,22,712
9891,21,713
9892,22,712
9893,23,711
9894,24,712
9895,25,711
9896,26,712
9897,25,713
9898,24,714
9899,25,715
9900,24,714
9901,23,713
9902,24,712
9903,25,711
9904,26,712
9905,27,711
9906,28,712
9907,29,711
9908,28,710
9909,27,709
9910,28,708
9911,27,709
9912,26,710
9913,27,711
9914,28,712
9915,29,711
9916,30,712
9917,31,711
9918,32,712
9919,31,713
9920,32,712
9921,33,711
9922,34,712
9923,33,713
9924,32,714
9925,33,715
9926,32,714
9927,31,713
9928,30,714
9929,31,715
9930,30,714
9931,31,715
9932,32,716
9933,31,717
9934,30,718
9935,29,717
9936,30,716
9937,31,715
9938,30,714
9939,31,715
9940,30,714
9941,31,715
9942,32,716
9943,31,717
9944,30,718
9945,29,717
9946,28,718
9947,27,717
9948,28,716
9949,27,717
9950,28,716
9951,27,717
9952,28,716
9953,29,715
9954,28,714
9955,27,713
9956,26,714
9957,25,713
9958,26,712
9959,27,711
9960,26,710
9961,27,711
9962,28,712
9963,27,713
9964,26,714
9965,25,713
9966,24,714
9967,25,715
9968,24,714
9969,25,715
9970,24,714
9971,25,715
9972,26,716
9973,25,717
9974,24,718
9975,23,717
9976,24,716
9977,25,715
9978,24,714
9979,25,715
9980,24,714
9981,23,713
9982,22,714
9983,23,715
9984,24,716
9985,23,717
9986,24,716
9987,25,715
9988,26,716
9989,27,715
9990,26,714
9991,27,715
9992,28,716
9993,27,717
9994,26,718
9995,25,717
9996,26,716
9997,25,717
9998,24,718
9999,25,719
10000,26,720
10001,27,719
10002,26,718
10003,27,719
10004,26,718
10005,27,719
10006,28,720
10007,27,721
10008,26,722
10009,25,721
10010,24,722
10011,23,721
10012,24,720
10013,25,719
10014,24,718
10015,25,719
10016,26,720
10017,25,721
10018,24,722
10019,23,721
10020,22,722
10021,23,723
10022,22,722
10023,23,723
10024,24,724
10025,23,725
10026,22,726
10027,21,725
10028,22,724
10029,23,723
10030,22,722
10031,23,723
10032,22,722
10033,23,723
10034,24,724
10035,23,725
10036,22,726
10037,21,725
10038,20,726
10039,21,727
10040,22,728
10041,21,729
10042,22,728
10043,23,727
10044,22,726
10045,21,725
10046,20,726
10047,19,725
10048,18,726
10049,19,727
10050,20,728
10051,19,729
10052,20,728
10053,19,729
10054,20,728
10055,21,727
10056,22,728
10057,21,729
10058,22,728
10059,23,727
10060,22,726
10061,21,725
10062,20,726
10063,21,727
10064,20,726
10065,19,725
10066,18,726
10067,19,727
10068,20,728
10069,19,729
10070,20,728
10071,21,727
10072,22,728
10073,21,729
10074,22,728
10075,21,729
10076,22,728
10077,23,727
10078,24,728
10079,25,727
10080,24,726
10081,25,727
10082,24,726
10083,25,727
10084,24,726
10085,23,725
10086,22,726
10087,23,727
10088,24,728
10089,23,729
10090,24,728
10091,25,727
10092,26,728
10093,27,727
10094,26,726
10095,27,727
10096,28,728
10097,27,729
10098,26,730
10099,25,729
10100,26,728
10101,25,729
10102,24,730
10103,25,731
10104,26,732
10105,27,731
10106,26,730
10107,27,731
10108,26,730
10109,27,731
10110,28,732
10111,27,733
10112,26,734
10113,25,733
10114,24,734
10115,23,733
10116,24,732
10117,25,731
10118,24,730
10119,25,731
10120,26,732
10121,25,733
10122,24,734
10123,23,733
10124,22,734
10125,23,735
10126,22,734
10127,23,735
10128,24,736
10129,23,737
10130,22,738
10131,21,737
10132,22,736
10133,23,735
10134,22,734
10135,23,735
10136,22,734
10137,23,735
10138,24,736
10139,23,737
10140,22,738
10141,21,737
10142,20,738
10143,21,739
10144,22,740
10145,21,741
10146,22,740
10147,23,739
10148,22,738
10149,21,737
10150,20,738
10151,19,737
10152,18,738
10153,19,739
10154,20,740
10155,19,741
10156,20,740
10157,19,741
10158,20,740
10159,21,739
10160,22,740
10161,21,741
10162,22,740
10163,23,739
10164,22,738
10165,21,737
10166,20,738
10167,21,739
10168,20,738
10169,19,737
10170,18,738
10171,19,739
10172,20,740
10173,19,741
10174,20,740
10175,21,739
10176,22,740
10177,21,741
10178,22,740
10179,21,741
10180,22,740
10181,23,739
10182,24,740
10183,25,739
10184,24,738
10185,25,739
10186,24,738
10187,25,739
10188,24,738
10189,23,737
10190,22,738
10191,23,739
10192,24,740
10193,23,741
10194,24,740
10195,25,739
10196,26,740
10197,27,739
10198,26,738
10199,27,739
10200,28,740
10201,27,741
10202,26,742
10203,25,741
10204,26,740
10205,25,741
10206,24,742
10207,25,743
10208,26,744
10209,27,743
10210,26,742
10211,27,743
10212,26,742
10213,27,743
10214,28,744
10215,27,745
10216,26,746
10217,25,745
10218,24,746
10219,23,745
10220,24,744
10221,25,743
10222,24,742
10223,25,743
10224,26,744
10225,25,745
10226,24,746
10227,23,745
10228,22,746
10229,23,747
10230,22,746
10231,23,747
10232,24,748
10233,23,749
10234,22,750
10235,21,749
10236,22,748
10237,23,747
10238,22,746
10239,23,747
10240,22,746
10241,23,747
10242,24,748
10243,23,749
10244,22,750
10245,21,749
10246,22,750
10247,23,751
10248,22,752
10249,21,753
10250,22,752
10251,23,751
10252,22,750
10253,21,749
10254,22,750
10255,21,749
10256,22,750
10257,23,751
10258,22,752
10259,21,753
10260,20,752
10261,19,753
10262,20,752
10263,21,751
10264,22,752
10265,21,753
10266,22,752
10267,23,751
10268,22,750
10269,21,749
10270,20,750
10271,21,751
10272,20,750
10273,19,749
10274,20,750
10275,21,751
10276,20,752
10277,19,753
10278,20,752
10279,21,751
10280,22,752
10281,21,753
10282,22,752
10283,21,753
10284,22,752
10285,23,751
10286,24,752
10287,25,751
10288,24,750
10289,25,751
10290,24,750
10291,25,751
10292,24,750
10293,23,749
10294,22,750
10295,23,751
10296,24,752
10297,23,753
10298,24,752
10299,25,751
10300,26,752
10301,27,751
10302,26,750
10303,27,751
10304,28,752
10305,27,753
10306,26,754
10307,25,753
10308,26,752
10309,25,753
10310,24,754
10311,25,755
10312,26,756
10313,27,755
10314,26,754
10315,27,755
10316,26,754
10317,27,755
10318,28,756
10319,27,757
10320,26,758
10321,25,757
10322,24,758
10323,23,757
10324,24,756
10325,25,755
10326,24,754
10327,25,755
10328,26,756
10329,25,757
10330,24,758
10331,23,757
10332,22,758
10333,23,759
10334,24,758
10335,25,759
10336,24,760
10337,23,761
10338,24,762
10339,23,761
10340,22,760
10341,23,759
10342,24,758
10343,25,759
10344,26,758
10345,27,759
10346,26,760
10347,25,761
10348,26,762
10349,25,761
10350,26,762
10351,27,763
10352,26,764
10353,25,765
10354,24,764
10355,25,763
10356,26,762
10357,25,761
10358,26,762
10359,25,761
10360,26,762
10361,27,763
10362,26,764
10363,25,765
10364,24,764
10365,23,765
10366,22,764
10367,23,763
10368,22,764
10369,21,765
10370,22,764
10371,23,763
10372,22,762
10373,21,761
10374,22,762
10375,23,763
10376,24,762
10377,23,761
10378,24,762
10379,25,763
10380,24,764
10381,23,765
10382,22,764
10383,23,763
10384,22,764
10385,21,765
10386,22,764
10387,21,765
10388,22,764
10389,23,763
10390,24,764
10391,25,763
10392,24,762
10393,25,763
10394,24,762
10395,25,763
10396,24,762
10397,23,761
10398,24,762
10399,25,763
10400,24,764
10401,23,765
10402,24,764
10403,25,763
10404,26,764
10405,27,763
10406,26,762
10407,27,763
10408,28,764
10409,27,765
10410,26,766
10411,25,765
10412,26,764
10413,25,765
10414,24,766
10415,25,767
10416,26,768
10417,27,767
10418,26,766
10419,27,767
10420,26,766
10421,27,767
10422,28,768
10423,27,769
10424,26,770
10425,25,769
10426,26,770
10427,25,769
10428,24,768
10429,25,767
10430,26,766
10431,27,767
10432,26,768
10433,25,769
10434,26,770
10435,25,769
10436,26,770
10437,27,771
10438,28,770
10439,29,771
10440,28,772
10441,27,773
10442,28,774
10443,27,773
10444,26,772
10445,27,771
10446,28,770
10447,29,771
10448,30,770
10449,31,771
10450,30,772
10451,29,773
10452,30,774
10453,29,773
10454,30,774
10455,31,775
10456,30,776
10457,29,777
10458,28,776
10459,29,775
10460,30,774
10461,29,773
10462,30,774
10463,29,773
10464,30,774
10465,31,775
10466,30,776
10467,29,777
10468,28,776
10469,27,777
10470,26,776
10471,27,775
10472,26,776
10473,25,777
10474,24,776
10475,25,775
10476,26,774
10477,25,773
10478,26,774
10479,27,775
10480,28,774
10481,27,773
10482,28,774
10483,29,775
10484,28,776
10485,27,777
10486,26,776
10487,27,775
10488,26,776
10489,25,777
10490,24,776
10491,23,777
10492,22,776
10493,23,775
10494,24,776
10495,25,775
10496,24,774
10497,25,775
10498,26,774
10499,27,775
10500,28,774
10501,27,773
10502,28,774
10503,29,775
10504,28,776
10505,27,777
10506,26,776
10507,27,775
10508,26,776
10509,27,775
10510,28,774
10511,29,775
10512,28,776
10513,27,777
10514,28,778
10515,27,777
10516,26,776
10517,25,777
10518,26,778
10519,27,779
10520,26,780
10521,27,779
10522,28,778
10523,29,779
10524,30,778
10525,31,779
10526,30,780
10527,29,781
10528,30,782
10529,29,781
10530,30,782
10531,29,781
10532,28,780
10533,29,779
10534,30,778
10535,31,779
10536,30,780
10537,29,781
10538,30,782
10539,29,781
10540,30,782
10541,31,783
10542,32,782
10543,33,783
10544,32,784
10545,31,785
10546,32,786
10547,31,785
10548,30,784
10549,31,783
10550,32,782
10551,33,783
10552,34,782
10553,35,783
10554,34,784
10555,33,785
10556,34,786
10557,33,785
10558,34,786
10559,35,787
10560,34,788
10561,33,789
10562,32,788
10563,33,787
10564,34,786
10565,33,785
10566,34,786
10567,33,785
10568,34,786
10569,35,787
10570,34,788
10571,33,789
10572,32,788
10573,31,789
10574,30,788
10575,31,787
10576,30,788
10577,29,789
10578,28,788
10579,29,787
10580,30,786
10581,29,785
10582,30,786
10583,31,787
10584,32,786
10585,31,785
10586,32,786
10587,33,787
10588,32,788
10589,31,789
10590,30,788
10591,31,787
10592,30,788
10593,29,789
10594,28,788
10595,27,789
10596,26,788
10597,27,787
10598,26,788
10599,27,787
10600,28,786
10601,29,787
10602,30,786
10603,31,787
10604,32,786
10605,31,785
10606,32,786
10607,33,787
10608,32,788
10609,31,789
10610,30,788
10611,31,787
10612,30,788
10613,31,787
10614,32,786
10615,33,787
10616,32,788
10617,31,789
10618,32,790
10619,31,789
10620,30,788
10621,29,789
10622,30,790
10623,31,791
10624,30,792
10625,31,791
10626,32,790
10627,33,791
10628,34,790
10629,35,791
10630,34,792
10631,33,793
10632,34,794
10633,33,793
10634,34,794
10635,33,793
10636,32,792
10637,33,791
10638,34,790
10639,35,791
10640,34,792
10641,33,793
10642,34,794
10643,33,793
10644,34,794
10645,35,795
10646,36,794
10647,37,795
10648,36,796
10649,35,797
10650,36,798
10651,35,797
10652,34,796
10653,35,795
10654,36,794
10655,37,795
10656,38,794
10657,39,795
10658,38,796
10659,37,797
10660,38,798
10661,37,797
10662,38,798
10663,39,799
10664,38,800
10665,37,801
10666,36,800
10667,37,799
10668,38,798
10669,37,797
10670,38,798
10671,37,797
10672,38,798
10673,39,799
10674,38,800
10675,37,801
10676,36,800
10677,35,801
10678,34,800
10679,35,799
10680,34,800
10681,33,801
10682,32,800
10683,33,799
10684,34,798
10685,33,797
10686,34,798
10687,35,799
10688,36,798
10689,35,797
10690,36,798
10691,37,799
10692,36,800
10693,35,801
10694,34,800
10695,35,799
10696,34,800
10697,33,801
10698,32,800
10699,31,801
10700,30,800
10701,31,799
10702,30,800
10703,31,799
10704,32,798
10705,33,799
10706,34,798
10707,35,799
10708,36,798
10709,35,797
10710,36,798
10711,37,799
10712,36,800
10713,35,801
10714,34,800
10715,35,799
10716,34,800
10717,35,799
10718,36,798
10719,37,799
10720,36,800
10721,35,801
10722,36,802
10723,35,801
10724,34,800
10725,33,801
10726,34,802
10727,35,803
10728,34,804
10729,35,803
10730,36,802
10731,37,803
10732,38,802
10733,39,803
10734,38,804
10735,37,805
10736,38,806
10737,37,805
10738,38,806
10739,37,805
10740,36,804
10741,37,803
10742,38,802
10743,39,803
10744,38,804
10745,37,805
10746,38,806
10747,37,805
10748,38,806
10749,39,807
10750,40,806
10751,41,807
10752,40,808
10753,39,809
10754,40,810
10755,39,809
10756,38,808
10757,39,807
10758,40,806
10759,41,807
10760,42,806
10761,43,807
10762,42,808
10763,41,809
10764,42,810
10765,41,809
10766,42,810
10767,43,811
10768,42,812
10769,41,813
10770,40,812
10771,41,811
10772,42,810
10773,41,809
10774,42,810
10775,41,809
10776,42,810
10777,43,811
10778,42,812
10779,41,813
10780,40,812
10781,39,813
10782,38,812
10783,39,811
10784,38,812
10785,37,813
10786,36,812
10787,37,811
10788,38,810
10789,37,809
10790,38,810
10791,39,811
10792,40,810
10793,39,809
10794,40,810
10795,41,811
10796,40,812
10797,39,813
10798,38,812
10799,39,811
10800,38,812
10801,37,813
10802,36,812
10803,35,813
10804,34,812
10805,35,811
10806,34,812
10807,35,811
10808,36,810
10809,37,811
10810,38,810
10811,39,811
10812,40,810
10813,39,809
10814,40,810
10815,41,811
10816,40,812
10817,39,813
10818,38,812
10819,39,811
10820,38,812
10821,39,811
10822,40,810
10823,41,811
10824,40,812
10825,39,813
10826,40,814
10827,39,813
10828,38,812
10829,37,813
10830,38,814
10831,39,815
10832,38,816
10833,39,815
10834,40,814
10835,41,815
10836,42,814
10837,43,815
10838,42,816
10839,41,817
10840,42,818
10841,41,817
10842,42,818
10843,41,817
10844,40,816
10845,41,815
10846,42,814
10847,43,815
10848,42,816
10849,41,817
10850,42,818
10851,41,817
10852,42,818
10853,43,819
10854,44,818
10855,45,819
10856,44,820
10857,43,821
10858,44,822
10859,43,821
10860,42,820
10861,43,819
10862,44,818
10863,45,819
10864,46,818
10865,47,819
10866,46,820
10867,45,821
10868,46,822
10869,45,821
10870,46,822
10871,47,823
10872,46,824
10873,45,825
10874,44,824
10875,45,823
10876,46,822
10877,45,821
10878,46,822
10879,45,821
10880,46,822
10881,47,823
10882,46,824
10883,45,825
10884,44,824
10885,43,825
10886,42,824
10887,43,823
10888,42,824
10889,41,825
10890,40,824
10891,41,823
10892,42,822
10893,41,821
10894,42,822
10895,43,823
10896,44,822
10897,43,821
10898,44,822
10899,45,823
10900,44,824
10901,43,825
10902,42,824
10903,43,823
10904,42,824
10905,41,825
10906,40,824
10907,39,825
10908,38,824
10909,39,823
10910,38,824
10911,39,823
10912,40,822
10913,41,823
10914,42,822
10915,43,823
10916,44,822
10917,43,821
10918,44,822
10919,45,823
10920,44,824
10921,43,825
10922,42,824
10923,43,823
10924,42,824
10925,43,823
10926,44,822
10927,45,823
10928,44,824
10929,43,825
10930,44,826
10931,43,825
10932,42,824
10933,41,825
10934,42,826
10935,43,827
10936,42,828
10937,43,827
10938,44,826
10939,45,827
10940,46,826
10941,47,827
10942,46,828
10943,45,829
10944,46,830
10945,45,829
10946,46,830
10947,45,829
10948,44,828
10949,45,827
10950,46,826
10951,47,827
10952,46,828
10953,45,829
10954,46,830
10955,45,829
10956,46,830
10957,47,831
10958,48,830
10959,49,831
10960,48,832
10961,47,833
10962,48,834
10963,47,833
10964,46,832
10965,47,831
10966,48,830
10967,49,831
10968,50,830
10969,51,831
10970,50,832
10971,49,833
10972,50,834
10973,49,833
10974,50,834
10975,51,835
10976,50,836
10977,49,837
10978,48,836
10979,49,835
10980,50,834
10981,49,833
10982,50,834
10983,49,833
10984,50,834
10985,51,835
10986,50,836
10987,49,837
10988,48,836
10989,47,837
10990,46,836
10991,47,835
10992,46,836
10993,45,837
10994,44,836
10995,45,835
10996,46,834
10997,45,833
10998,46,834
10999,47,835
11000,48,834
11001,47,833
11002,48,834
11003,49,835
11004,48,836
11005,47,837
11006,46,836
11007,47,835
11008,46,836
11009,45,837
11010,44,836
11011,43,837
11012,42,836
11013,43,835
11014,42,836
11015,43,835
11016,44,834
11017,45,835
11018,46,834
11019,47,835
11020,48,834
11021,47,833
11022,48,834
11023,49,835
11024,48,836
11025,47,837
11026,46,836
11027,47,835
11028,46,836
11029,47,835
11030,48,834
11031,49,835
11032,48,836
11033,47,837
11034,48,838
11035,47,837
11036,46,836
11037,45,837
11038,46,838
11039,47,839
11040,46,840
11041,47,839
11042,48,838
11043,49,839
11044,50,838
11045,51,839
11046,50,840
11047,49,841
11048,50,842
11049,49,841
11050,50,842
11051,49,841
11052,48,840
11053,49,839
11054,50,838
11055,51,839
11056,50,840
11057,49,841
11058,50,842
11059,49,841
11060,50,842
11061,51,843
11062,52,842
11063,53,843
11064,52,844
11065,51,845
11066,52,846
11067,51,845
11068,50,844
11069,51,843
11070,52,842
11071,53,843
11072,54,842
11073,55,843
11074,54,844
11075,53,845
11076,54,846
11077,53,845
11078,54,846
11079,55,847
11080,54,848
11081,53,849
11082,52,848
11083,53,847
11084,54,846
11085,53,845
11086,54,846
11087,53,845
11088,54,846
11089,55,847
11090,54,848
11091,53,849
11092,52,848
11093,51,849
11094,50,848
11095,51,847
11096,50,848
11097,49,849
11098,48,848
11099,49,847
11100,50,846
11101,49,845
11102,50,846
11103,51,847
11104,52,846
11105,51,845
11106,52,846
11107,53,847
11108,52,848
11109,51,849
11110,50,848
11111,51,847
11112,50,848
11113,49,849
11114,48,848
11115,47,849
11116,46,848
11117,47,847
11118,46,848
11119,47,847
11120,48,846
11121,49,847
11122,50,846
11123,51,847
11124,52,846
11125,51,845
11126,52,846
11127,53,847
11128,52,848
11129,51,849
11130,50,848
11131,51,847
11132,50,848
11133,51,847
11134,52,846
11135,53,847
11136,52,848
11137,51,849
11138,52,850
11139,51,849
11140,50,848
11141,49,849
11142,50,850
11143,51,851
11144,50,852
11145,51,851
11146,52,850
11147,53,851
11148,54,850
11149,55,851
11150,54,852
11151,53,853
11152,54,854
11153,53,853
11154,54,854
11155,53,853
11156,52,852
11157,53,851
11158,54,850
11159,55,851
11160,54,852
11161,53,853
11162,54,854
11163,53,853
11164,54,854
11165,55,855
11166,56,854
11167,57,855
11168,56,856
11169,55,857
11170,56,858
11171,55,857
11172,54,856
11173,55,855
11174,56,854
11175,57,855
11176,58,854
11177,59,855
11178,58,856
11179,57,857
11180,58,858
11181,57,857
11182,58,858
11183,59,859
11184,58,860
11185,57,861
11186,56,860
11187,57,859
11188,58,858
11189,57,857
11190,58,858
11191,57,857
11192,58,858
11193,59,859
11194,58,860
11195,57,861
11196,56,860
11197,55,861
11198,54,860
11199,55,859
11200,54,860
11201,53,861
11202,52,860
11203,53,859
11204,54,858
11205,53,857
11206,54,858
11207,55,859
11208,56,858
11209,55,857
11210,56,858
11211,57,859
11212,56,860
11213,55,861
11214,54,860
11215,55,859
11216,54,860
11217,53,861
11218,52,860
11219,51,861
11220,50,860
11221,51,859
11222,50,860
11223,51,859
11224,52,858
11225,53,859
11226,54,858
11227,55,859
11228,56,858
11229,55,857
11230,56,858
11231,57,859
11232,56,860
11233,55,861
11234,54,860
11235,55,859
11236,54,860
11237,55,859
11238,56,858
11239,57,859
11240,56,860
11241,55,861
11242,56,862
11243,55,861
11244,54,860
11245,53,861
11246,54,862
11247,55,863
11248,54,864
11249,55,863
11250,56,862
11251,57,863
11252,58,862
11253,59,863
11254,58,864
11255,57,865
11256,58,866
11257,57,865
11258,58,866
11259,57,865
11260,56,864
11261,57,863
11262,58,862
11263,59,863
11264,58,864
11265,57,865
11266,58,866
11267,57,865
11268,58,866
11269,59,867
11270,60,866
11271,61,867
11272,60,868
11273,59,869
11274,60,870
11275,59,869
11276,58,868
11277,59,867
11278,60,866
11279,61,867
11280,62,866
11281,63,867
11282,62,868
11283,61,869
11284,62,870
11285,61,869
11286,62,870
11287,63,871
11288,62,872
11289,61,873
11290,60,872
11291,61,871
11292,62,870
11293,61,869
11294,62,870
11295,61,869
11296,62,870
11297,63,871
11298,62,872
11299,61,873
11300,60,872
11301,59,873
11302,58,872
11303,59,871
11304,58,872
11305,57,873
11306,56,872
11307,57,871
11308,58,870
11309,57,869
11310,58,870
11311,59,871
11312,60,870
11313,59,869
11314,60,870
11315,61,871
11316,60,872
11317,59,873
11318,58,872
11319,59,871
11320,58,872
11321,57,873
11322,56,872
11323,55,873
11324,54,872
11325,55,871
11326,54,872
11327,55,871
11328,56,870
11329,57,871
11330,58,870
11331,59,871
11332,60,870
11333,59,869
11334,60,870
11335,61,871
11336,60,872
11337,59,873
11338,58,872
11339,59,871
11340,58,872
11341,59,871
11342,60,870
11343,61,871
11344,60,872
11345,59,873
11346,60,874
11347,59,873
11348,58,872
11349,57,873
11350,58,874
11351,59,875
11352,58,876
11353,59,875
11354,60,874
11355,61,875
11356,62,874
11357,63,875
11358,62,876
11359,61,877
11360,62,878
11361,61,877
11362,62,878
11363,61,877
11364,60,876
11365,61,875
11366,62,874
11367,63,875
11368,62,876
11369,61,877
11370,62,878
11371,61,877
11372,62,878
11373,63,879
11374,64,878
11375,65,879
11376,64,880
11377,63,881
11378,64,882
11379,63,881
11380,62,880
11381,63,879
11382,64,878
11383,65,879
11384,66,878
11385,67,879
11386,66,880
11387,65,881
11388,66,882
11389,65,881
11390,66,882
11391,67,883
11392,66,884
11393,65,885
11394,64,884
11395,65,883
11396,66,882
11397,65,881
11398,66,882
11399,65,881
11400,66,882
11401,67,883
11402,66,884
11403,65,885
11404,64,884
11405,63,885
11406,62,884
11407,63,883
11408,62,884
11409,61,885
11410,60,884
11411,61,883
11412,62,882
11413,61,881
11414,62,882
11415,63,883
11416,64,882
11417,63,881
11418,64,882
11419,65,883
11420,64,884
11421,63,885
11422,62,884
11423,63,883
11424,62,884
11425,61,885
11426,60,884
11427,59,885
11428,58,884
11429,59,883
11430,58,884
11431,59,883
11432,60,882
11433,61,883
11434,62,882
11435,63,883
11436,64,882
11437,63,881
11438,64,882
11439,65,883
11440,64,884
11441,63,885
11442,62,884
11443,63,883
11444,62,884
11445,63,883
11446,64,882
11447,65,883
11448,64,884
11449,63,885
11450,64,886
11451,63,885
11452,62,884
11453,61,885
11454,62,886
11455,63,887
11456,62,888
11457,63,887
11458,64,886
11459,65,887
11460,66,886
11461,67,887
11462,66,888
11463,65,889
11464,66,890
11465,65,889
11466,66,890
11467,65,889
11468,64,888
11469,65,887
11470,66,886
11471,67,887
11472,66,888
11473,65,889
11474,66,890
11475,65,889
11476,66,890
11477,67,891
11478,68,890
11479,69,891
11480,68,892
11481,67,893
11482,68,894
11483,67,893
11484,66,892
11485,67,891
11486,68,890
11487,69,891
11488,70,890
11489,71,891
11490,70,892
11491,69,893
11492,70,894
11493,69,893
11494,70,894
11495,71,895
11496,70,896
11497,69,897
11498,68,896
11499,69,895
11500,70,894
11501,69,893
11502,70,894
11503,69,893
11504,70,894
11505,71,895
11506,70,896
11507,69,897
11508,68,896
11509,67,897
11510,66,896
11511,67,895
11512,66,896
11513,65,897
11514,64,896
11515,65,895
11516,66,894
11517,65,893
11518,66,894
11519,67,895
11520,68,894
11521,67,893
11522,68,894
11523,69,895
11524,68,896
11525,67,897
11526,66,896
11527,67,895
11528,66,896
11529,65,897
11530,64,896
11531,63,897
11532,62,896
11533,63,895
11534,62,896
11535,63,895
11536,64,894
11537,65,895
11538,66,894
11539,67,895
11540,68,894
11541,67,893
11542,68,894
11543,69,895
11544,68,896
11545,67,897
11546,66,896
11547,67,895
11548,66,896
11549,67,895
11550,68,894
11551,69,895
11552,68,896
11553,67,897
11554,68,898
11555,67,897
11556,66,896
11557,65,897
11558,66,898
11559,67,899
11560,66,900
11561,67,899
11562,68,898
11563,69,899
11564,70,898
11565,71,899
11566,70,900
11567,69,901
11568,70,902
11569,69,901
11570,70,902
11571,69,901
11572,68,900
11573,69,899
11574,70,898
11575,71,899
11576,70,900
11577,69,901
11578,70,902
11579,69,901
11580,70,902
11581,71,903
11582,72,902
11583,73,903
11584,72,904
11585,71,905
11586,72,906
11587,71,905
11588,70,904
11589,71,903
11590,72,902
11591,73,903
11592,74,902
11593,75,903
11594,74,904
11595,73,905
11596,74,906
11597,73,905
11598,74,906
11599,75,907
11600,74,908
11601,73,909
11602,72,908
11603,73,907
11604,74,906
11605,73,905
11606,74,906
11607,73,905
11608,74,906
11609,75,907
11610,74,908
11611,73,909
11612,72,908
11613,71,909
11614,70,908
11615,71,907
11616,70,908
11617,69,909
11618,68,908
11619,69,907
11620,70,906
11621,69,905
11622,70,906
11623,71,907
11624,72,906
11625,71,905
11626,72,906
11627,73,907
11628,72,908
11629,71,909
11630,70,908
11631,71,907
11632,70,908
11633,69,909
11634,68,908
11635,67,909
11636,66,908
11637,67,907
11638,66,908
11639,67,907
11640,68,906
11641,69,907
11642,70,906
11643,71,907
11644,72,906
11645,71,905
11646,72,906
11647,73,907
11648,72,908
11649,71,909
11650,70,908
11651,71,907
11652,70,908
11653,71,907
11654,72,906
11655,73,907
11656,72,908
11657,71,909
11658,72,910
11659,71,909
11660,70,908
11661,69,909
11662,70,910
11663,71,911
11664,70,912
11665,71,911
11666,72,910
11667,73,911
11668,74,910
11669,75,911
11670,74,912
11671,73,913
11672,74,914
11673,73,913
11674,74,914
11675,73,913
11676,72,912
11677,73,911
11678,74,910
11679,75,911
11680,74,912
11681,73,913
11682,74,914
11683,73,913
11684,74,914
11685,75,915
11686,76,914
11687,77,915
11688,76,916
11689,75,917
11690,76,918
11691,75,917
11692,74,916
11693,75,915
11694,76,914
11695,77,915
11696,78,914
11697,79,915
11698,78,916
11699,77,917
11700,78,918
11701,77,917
11702,78,918
11703,79,919
11704,78,920
11705,77,921
11706,76,920
11707,77,919
11708,78,918
11709,77,917
11710,78,918
11711,77,917
11712,78,918
11713,79,919
11714,78,920
11715,77,921
11716,76,920
11717,75,921
11718,74,920
11719,75,919
11720,74,920
11721,73,921
11722,72,920
11723,73,919
11724,74,918
11725,73,917
11726,74,918
11727,75,919
11728,76,918
11729,75,917
11730,76,918
11731,77,919
11732,76,920
11733,75,921
11734,74,920
11735,75,919
11736,74,920
11737,73,921
11738,72,920
11739,71,921
11740,70,920
11741,71,919
11742,70,920
11743,71,919
11744,72,918
11745,73,919
11746,74,918
11747,75,919
11748,76,918
11749,75,917
11750,76,918
11751,77,919
11752,76,920
11753,75,921
11754,74,920
11755,75,919
11756,74,920
11757,75,919
11758,76,918
11759,77,919
11760,76,920
11761,75,921
11762,76,922
11763,75,921
11764,74,920
11765,73,921
11766,74,922
11767,75,923
11768,74,924
11769,75,923
11770,76,922
11771,77,923
11772,78,922
11773,79,923
11774,78,924
11775,77,925
11776,78,926
11777,77,925
11778,78,926
11779,77,925
11780,76,924
11781,77,923
11782,78,922
11783,79,923
11784,78,924
11785,77,925
11786,78,926
11787,77,925
11788,78,926
11789,79,927
11790,80,926
11791,81,927
11792,80,928
11793,79,929
11794,80,930
11795,79,929
11796,78,928
11797,79,927
11798,80,926
11799,81,927
11800,82,926
11801,83,927
11802,82,928
11803,81,929
11804,82,930
11805,81,929
11806,82,930
11807,83,931
11808,82,932
11809,81,933
11810,80,932
11811,81,931
11812,82,930
11813,81,929
11814,82,930
11815,81,929
11816,82,930
11817,83,931
11818,82,932
11819,81,933
11820,80,932
11821,79,933
11822,78,932
11823,79,931
11824,78,932
11825,77,933
11826,76,932
11827,77,931
11828,78,930
11829,77,929
11830,78,930
11831,79,931
11832,80,930
11833,79,929
11834,80,930
11835,81,931
11836,80,932
11837,79,933
11838,78,932
11839,79,931
11840,78,932
11841,77,933
11842,76,932
11843,75,933
11844,74,932
11845,75,931
11846,74,932
11847,75,931
11848,76,930
11849,77,931
11850,78,930
11851,79,931
11852,80,930
11853,79,929
11854,80,930
11855,81,931
11856,80,932
11857,79,933
11858,78,932
11859,79,931
11860,78,932
11861,79,931
11862,80,930
11863,81,931
11864,80,932
11865,79,933
11866,80,934
11867,79,933
11868,78,932
11869,77,933
11870,78,934
11871,79,935
11872,78,936
11873,79,935
11874,80,934
11875,81,935
11876,82,934
11877,83,935
11878,82,936
11879,81,937
11880,82,938
11881,81,937
11882,82,938
11883,81,937
11884,80,936
11885,81,935
11886,82,934
11887,83,935
11888,82,936
11889,81,937
11890,82,938
11891,81,937
11892,82,938
11893,83,939
11894,84,938
11895,85,939
11896,84,940
11897,83,941
11898,84,942
11899,83,941
11900,82,940
11901,83,939
11902,84,938
11903,85,939
11904,86,938
11905,87,939
11906,86,940
11907,85,941
11908,86,942
11909,85,941
11910,86,942
11911,87,943
11912,86,944
11913,85,945
11914,84,944
11915,85,943
11916,86,942
11917,85,941
11918,86,942
11919,85,941
11920,86,942
11921,87,943
11922,86,944
11923,85,945
11924,84,944
11925,83,945
11926,82,944
11927,83,943
11928,82,944
11929,81,945
11930,80,944
11931,81,943
11932,82,942
11933,81,941
11934,82,942
11935,83,943
11936,84,942
11937,83,941
11938,84,942
11939,85,943
11940,84,944
11941,83,945
11942,82,944
11943,83,943
11944,82,944
11945,81,945
11946,80,944
11947,79,945
11948,78,944
11949,79,943
11950,78,944
11951,79,943
11952,80,942
11953,81,943
11954,82,942
11955,83,943
11956,84,942
11957,83,941
11958,84,942
11959,85,943
11960,84,944
11961,83,945
11962,82,944
11963,83,943
11964,82,944
11965,83,943
11966,84,942
11967,85,943
11968,84,944
11969,83,945
11970,84,946
11971,83,945
11972,82,944
11973,81,945
11974,82,946
11975,83,947
11976,82,948
11977,83,947
11978,84,946
11979,85,947
11980,86,946
11981,87,947
11982,86,948
11983,85,949
11984,86,950
11985,85,949
11986,86,950
11987,85,949
11988,84,948
11989,85,947
11990,86,946
11991,87,947
11992,86,948
11993,85,949
11994,86,950
11995,85,949
11996,86,950
11997,87,951
11998,88,950
11999,89,951
12000,88,952
12001,87,953
12002,88,954
12003,87,953
12004,86,952
12005,87,951
12006,88,950
12007,89,951
12008,90,950
12009,91,951
12010,90,952
12011,89,953
12012,90,954
12013,89,953
12014,90,954
12015,91,955
12016,90,956
12017,89,957
12018,88,956
12019,89,955
12020,90,954
12021,89,953
12022,90,954
12023,89,953
12024,90,954
12025,91,955
12026,90,956
12027,89,957
12028,88,956
12029,87,957
12030,86,956
12031,87,955
12032,86,956
12033,85,957
12034,84,956
12035,85,955
12036,86,954
12037,85,953
12038,86,954
12039,87,955
12040,88,954
12041,87,953
12042,88,954
12043,89,955
12044,88,956
12045,87,957
12046,86,956
12047,87,955
12048,86,956
12049,85,957
12050,84,956
12051,83,957
12052,82,956
12053,83,955
12054,82,956
12055,83,955
12056,84,954
12057,85,955
12058,86,954
12059,87,955
12060,88,954
12061,87,953
12062,88,954
12063,89,955
12064,88,956
12065,87,957
12066,86,956
12067,87,955
12068,86,956
12069,87,955
12070,88,954
12071,89,955
12072,88,956
12073,87,957
12074,88,958
12075,87,957
12076,86,956
12077,85,957
12078,86,958
12079,87,959
12080,86,960
12081,87,959
12082,88,958
12083,89,959
12084,90,958
12085,91,959
12086,90,960
12087,89,961
12088,90,962
12089,89,961
12090,90,962
12091,89,961
12092,88,960
12093,89,959
12094,90,958
12095,91,959
12096,90,960
12097,89,961
12098,90,962
12099,89,961
12100,90,962
12101,91,963
12102,92,962
12103,93,963
12104,92,964
12105,91,965
12106,92,966
12107,91,965
12108,90,964
12109,91,963
12110,92,962
12111,93,963
12112,94,962
12113,95,963
12114,94,964
12115,93,965
12116,94,966
12117,93,965
12118,94,966
12119,95,967
12120,94,968
12121,93,969
12122,92,968
12123,93,967
12124,94,966
12125,93,965
12126,94,966
12127,93,965
12128,94,966
12129,95,967
12130,94,968
12131,93,969
12132,92,968
12133,91,969
12134,90,968
12135,91,967
12136,90,968
12137,89,969
12138,88,968
12139,89,967
12140,90,966
12141,89,965
12142,90,966
12143,91,967
12144,92,966
12145,91,965
12146,92,966
12147,93,967
12148,92,968
12149,91,969
12150,90,968
12151,91,967
12152,90,968
12153,89,969
12154,88,968
12155,87,969
12156,86,968
12157,87,967
12158,86,968
12159,87,967
12160,88,966
12161,89,967
12162,90,966
12163,91,967
12164,92,966
12165,91,965
12166,92,966
12167,93,967
12168,92,968
12169,91,969
12170,90,968
12171,91,967
12172,90,968
12173,91,967
12174,92,966
12175,93,967
12176,92,968
12177,91,969
12178,92,970
12179,91,969
12180,90,968
12181,89,969
12182,90,970
12183,91,971
12184,90,972
12185,91,971
12186,92,970
12187,93,971
12188,94,970
12189,95,971
12190,94,972
12191,93,973
12192,94,974
12193,93,973
12194,94,974
12195,93,973
12196,92,972
12197,93,971
12198,94,970
12199,95,971
12200,94,972
12201,93,973
12202,94,974
12203,93,973
12204,94,974
12205,95,975
12206,96,974
12207,97,975
12208,96,976
12209,95,977
12210,96,978
12211,95,977
12212,94,976
12213,95,975
12214,96,974
12215,97,975
12216,98,974
12217,99,975
12218,98,976
12219,97,977
12220,98,978
12221,97,977
12222,98,978
12223,99,979
12224,98,980
12225,97,981
12226,96,980
12227,97,979
12228,98,978
12229,97,977
12230,98,978
12231,97,977
12232,98,978
12233,99,979
12234,98,980
12235,97,981
12236,96,980
12237,95,981
12238,94,980
12239,95,979
12240,94,980
12241,93,981
12242,92,980
12243,93,979
12244,94,978
12245,93,977
12246,94,978
12247,95,979
12248,96,978
12249,95,977
12250,96,978
12251,97,979
12252,96,980
12253,95,981
12254,94,980
12255,95,979
12256,94,980
12257,93,981
12258,92,980
12259,91,981
12260,90,980
12261,91,979
12262,90,980
12263,91,979
12264,92,978
12265,93,979
12266,94,978
12267,95,979
12268,96,978
12269,95,977
12270,96,978
12271,97,979
12272,96,980
12273,95,981
12274,94,980
12275,95,979
12276,94,980
12277,95,979
12278,96,978
12279,97,979
12280,96,980
12281,95,981
12282,96,982
12283,95,981
12284,94,980
12285,93,981
12286,94,982
12287,95,983
12288,94,984
12289,95,983
12290,96,982
12291,97,983
12292,98,982
12293,99,983
12294,98,984
12295,97,985
12296,98,986
12297,97,985
12298,98,986
12299,97,985
12300,96,984
12301,97,983
12302,98,982
12303,99,983
12304,98,984
12305,97,985
12306,98,986
12307,97,985
12308,98,986
12309,99,987
12310,100,986
12311,101,987
12312,100,988
12313,99,989
12314,100,990
12315,99,989
12316,98,988
12317,99,987
12318,100,986
12319,101,987
12320,102,986
12321,103,987
12322,102,988
12323,101,989
12324,102,990
12325,101,989
12326,102,990
12327,103,991
12328,102,992
12329,101,993
12330,100,992
12331,101,991
12332,102,990
12333,101,989
12334,102,990
12335,101,989
12336,102,990
12337,103,991
12338,102,992
12339,101,993
12340,100,992
12341,99,993
12342,98,992
12343,99,991
12344,98,992
12345,97,993
12346,96,992
12347,97,991
12348,98,990
12349,97,989
12350,98,990
12351,99,991
12352,100,990
12353,99,989
12354,100,990
12355,101,991
12356,100,992
12357,99,993
12358,98,992
12359,99,991
12360,98,992
12361,97,993
12362,96,992
12363,95,993
12364,94,992
12365,95,991
12366,94,992
12367,95,991
12368,96,990
12369,97,991
12370,98,990
12371,99,991
12372,100,990
12373,99,989
12374,100,990
12375,101,991
12376,100,992
12377,99,993
12378,98,992
12379,99,991
12380,98,992
12381,99,991
12382,100,990
12383,101,991
12384,100,992
12385,99,993
12386,100,994
12387,99,993
12388,98,992
12389,97,993
12390,98,994
12391,99,995
12392,98,996
12393,99,995
12394,100,994
12395,101,995
12396,102,994
12397,103,995
12398,102,996
12399,101,997
12400,102,998
12401,101,997
12402,102,998
12403,101,997
12404,100,996
12405,101,995
12406,102,994
12407,103,995
12408,102,996
12409,101,997
12410,102,998
12411,101,997
12412,102,998
12413,103,999
12414,104,998
12415,105,999
12416,104,1000
12417,103,1001
12418,104,1002
12419,103,1001
12420,102,1000
12421,103,999
12422,104,998
12423,105,999
12424,106,998
12425,107,999
12426,106,1000
12427,105,1001
12428,106,1002
12429,105,1001
12430,106,1002
12431,107,1003
12432,106,1004
12433,105,1005
12434,104,1004
12435,105,1003
12436,106,1002
12437,105,1001
12438,106,1002
12439,105,1001
12440,106,1002
12441,107,1003
12442,106,1004
12443,105,1005
12444,104,1004
12445,103,1005
12446,102,1004
12447,103,1003
12448,102,1004
12449,101,1005
12450,100,1004
12451,101,1003
12452,102,1002
12453,101,1001
12454,102,1002
12455,103,1003
12456,104,1002
12457,103,1001
12458,104,1002
12459,105,1003
12460,104,1004
12461,103,1005
12462,102,1004
12463,103,1003
12464,102,1004
12465,101,1005
12466,100,1004
12467,99,1005
12468,98,1004
12469,99,1003
12470,98,1004
12471,99,1003
12472,100,1002
12473,101,1003
12474,102,1002
12475,103,1003
12476,104,1002
12477,103,1001
12478,104,1002
12479,105,1003
12480,104,1004
12481,103,1005
12482,102,1004
12483,103,1003
12484,102,1004
12485,103,1003
12486,104,1002
12487,105,1003
12488,104,1004
12489,103,1005
12490,104,1006
12491,103,1005
12492,102,1004
12493,101,1005
12494,102,1006
12495,103,1007
12496,102,1008
12497,103,1007
12498,104,1006
12499,105,1007
12500,106,1006
12501,107,1007
12502,106,1008
12503,105,1009
12504,106,1010
12505,105,1009
12506,106,1010
12507,105,1009
12508,104,1008
12509,105,1007
12510,106,1006
12511,107,1007
12512,106,1008
12513,105,1009
12514,106,1010
12515,105,1009
12516,106,1010
12517,107,1011
12518,108,1010
12519,109,1011
12520,108,1012
12521,107,1013
12522,108,1014
12523,107,1013
12524,106,1012
12525,107,1011
12526,108,1010
12527,109,1011
12528,110,1010
12529,111,1011
12530,110,1012
12531,109,1013
12532,110,1014
12533,109,1013
12534,110,1014
12535,111,1015
12536,110,1016
12537,109,1017
12538,108,1016
12539,109,1015
12540,110,1014
12541,109,1013
12542,110,1014
12543,109,1013
12544,110,1014
12545,111,1015
12546,110,1016
12547,109,1017
12548,108,1016
12549,107,1017
12550,106,1016
12551,107,1015
12552,106,1016
12553,105,1017
12554,104,1016
12555,105,1015
12556,106,1014
12557,105,1013
12558,106,1014
12559,107,1015
12560,108,1014
12561,107,1013
12562,108,1014
12563,109,1015
12564,108,1016
12565,107,1017
12566,106,1016
12567,107,1015
12568,106,1016
12569,105,1017
12570,104,1016
12571,103,1017
12572,102,1016
12573,103,1015
12574,102,1016
12575,103,1015
12576,104,1014
12577,105,1015
12578,106,1014
12579,107,1015
12580,108,1014
12581,107,1013
12582,108,1014
12583,109,1015
12584,108,1016
12585,107,1017
12586,106,1016
12587,107,1015
12588,106,1016
12589,107,1015
12590,108,1014
12591,109,1015
12592,108,1016
12593,107,1017
12594,108,1018
12595,107,1017
12596,106,1016
12597,105,1017
12598,106,1018
12599,107,1019
12600,106,1020
12601,107,1019
12602,108,1018
12603,109,1019
12604,110,1018
12605,111,1019
12606,110,1020
12607,109,1021
12608,110,1022
12609,109,1021
12610,110,1022
12611,109,1021
12612,108,1020
12613,109,1019
12614,110,1018
12615,111,1019
12616,110,1020
12617,109,1021
12618,110,1022
12619,109,1021
12620,110,1022
12621,111,1023
12622,112,1022
12623,113,1023
12624,112,1024
12625,111,1025
12626,112,1026
12627,111,1025
12628,110,1024
12629,111,1023
12630,112,1022
12631,113,1023
12632,114,1022
12633,115,1023
12634,114,1024
12635,113,1025
12636,114,1026
12637,113,1025
12638,114,1026
12639,115,1027
12640,114,1028
12641,113,1029
12642,112,1028
12643,113,1027
12644,114,1026
12645,113,1025
12646,114,1026
12647,113,1025
12648,114,1026
12649,115,1027
12650,114,1028
12651,113,1029
12652,112,1028
12653,111,1029
12654,110,1028
12655,111,1027
12656,110,1028
12657,109,1029
12658,108,1028
12659,109,1027
12660,110,1026
12661,109,1025
12662,110,1026
12663,111,1027
12664,112,1026
12665,111,1025
12666,112,1026
12667,113,1027
12668,112,1028
12669,111,1029
12670,110,1028
12671,111,1027
12672,110,1028
12673,109,1029
12674,108,1028
12675,107,1029
12676,106,1028
12677,107,1027
12678,106,1028
12679,107,1027
12680,108,1026
12681,109,1027
12682,110,1026
12683,111,1027
12684,112,1026
12685,111,1025
12686,112,1026
12687,113,1027
12688,112,1028
12689,111,1029
12690,110,1028
12691,111,1027
12692,110,1028
12693,111,1027
12694,112,1026
12695,113,1027
12696,112,1028
12697,111,1029
12698,112,1030
12699,111,1029
12700,110,1028
12701,109,1029
12702,110,1030
12703,111,1031
12704,110,1032
12705,111,1031
12706,112,1030
12707,113,1031
12708,114,1030
12709,115,1031
12710,114,1032
12711,113,1033
12712,114,1034
12713,113,1033
12714,114,1034
12715,113,1033
12716,112,1032
12717,113,1031
12718,114,1030
12719,115,1031
12720,114,1032
12721,113,1033
12722,114,1034
12723,113,1033
12724,114,1034
12725,115,1035
12726,116,1034
12727,117,1035
12728,116,1036
12729,115,1037
12730,116,1038
12731,115,1037
12732,114,1036
12733,115,1035
12734,116,1034
12735,117,1035
12736,118,1034
12737,119,1035
12738,118,1036
12739,117,1037
12740,118,1038
12741,117,1037
12742,118,1038
12743,119,1039
12744,118,1040
12745,117,1041
12746,116,1040
12747,117,1039
12748,118,1038
12749,117,1037
12750,118,1038
12751,117,1037
12752,118,1038
12753,119,1039
12754,118,1040
12755,117,1041
12756,116,1040
12757,115,1041
12758,114,1040
12759,115,1039
12760,114,1040
12761,113,1041
12762,112,1040
12763,113,1039
12764,114,1038
12765,113,1037
12766,114,1038
12767,115,1039
12768,116,1038
12769,115,1037
12770,116,1038
12771,117,1039
12772,116,1040
12773,115,1041
12774,114,1040
12775,115,1039
12776,114,1040
12777,113,1041
12778,112,1040
12779,111,1041
12780,110,1040
12781,111,1039
12782,110,1040
12783,111,1039
12784,112,1038
12785,113,1039
12786,114,1038
12787,115,1039
12788,116,1038
12789,115,1037
12790,116,1038
12791,117,1039
12792,116,1040
12793,115,1041
12794,114,1040
12795,115,1039
12796,114,1040
12797,115,1039
12798,116,1038
12799,117,1039
12800,116,1040
12801,115,1041
12802,116,1042
12803,115,1041
12804,114,1040
12805,113,1041
12806,114,1042
12807,115,1043
12808,114,1044
12809,115,1043
12810,116,1042
12811,117,1043
12812,118,1042
12813,119,1043
12814,118,1044
12815,117,1045
12816,118,1046
12817,117,1045
12818,118,1046
12819,117,1045
12820,116,1044
12821,117,1043
12822,118,1042
12823,119,1043
12824,118,1044
12825,117,1045
12826,118,1046
12827,117,1045
12828,118,1046
12829,119,1047
12830,120,1046
12831,121,1047
12832,120,1048
12833,119,1049
12834,120,1050
12835,119,1049
12836,118,1048
12837,119,1047
12838,120,1046
12839,121,1047
12840,122,1046
12841,123,1047
12842,122,1048
12843,121,1049
12844,122,1050
12845,121,1049
12846,122,1050
12847,123,1051
12848,122,1052
12849,121,1053
12850,120,1052
12851,121,1051
12852,122,1050
12853,121,1049
12854,122,1050
12855,121,1049
12856,122,1050
12857,123,1051
12858,122,1052
12859,121,1053
12860,120,1052
12861,119,1053
12862,118,1052
12863,119,1051
12864,118,1052
12865,117,1053
12866,116,1052
12867,117,1051
12868,118,1050
12869,117,1049
12870,118,1050
12871,119,1051
12872,120,1050
12873,119,1049
12874,120,1050
12875,121,1051
12876,120,1052
12877,119,1053
12878,118,1052
12879,119,1051
12880,118,1052
12881,117,1053
12882,116,1052
12883,115,1053
12884,114,1052
12885,115,1051
12886,114,1052
12887,115,1051
12888,116,1050
12889,117,1051
12890,118,1050
12891,119,1051
12892,120,1050
12893,119,1049
12894,120,1050
12895,121,1051
12896,120,1052
12897,119,1053
12898,118,1052
12899,119,1051
12900,118,1052
12901,119,1051
12902,120,1050
12903,121,1051
12904,120,1052
12905,119,1053
12906,120,1054
12907,119,1053
12908,118,1052
12909,117,1053
12910,118,1054
12911,119,1055
12912,118,1056
12913,119,1055
12914,120,1054
12915,121,1055
12916,122,1054
12917,123,1055
12918,122,1056
12919,121,1057
12920,122,1058
12921,121,1057
12922,122,1058
12923,121,1057
12924,120,1056
12925,121,1055
12926,122,1054
12927,123,1055
12928,122,1056
12929,121,1057
12930,122,1058
12931,121,1057
12932,122,1058
12933,123,1059
12934,124,1058
12935,125,1059
12936,124,1060
12937,123,1061
12938,124,1062
12939,123,1061
12940,122,1060
12941,123,1059
12942,124,1058
12943,125,1059
12944,126,1058
12945,127,1059
12946,126,1060
12947,125,1061
12948,126,1062
12949,125,1061
12950,126,1062
12951,127,1063
12952,126,1064
12953,125,1065
12954,124,1064
12955,125,1063
12956,126,1062
12957,125,1061
12958,126,1062
12959,125,1061
12960,126,1062
12961,127,1063
12962,126,1064
12963,125,1065
12964,124,1064
12965,123,1065
12966,122,1064
12967,123,1063
12968,122,1064
12969,121,1065
12970,120,1064
12971,121,1063
12972,122,1062
12973,121,1061
12974,122,1062
12975,123,1063
12976,124,1062
12977,123,1061
12978,124,1062
12979,125,1063
12980,124,1064
12981,123,1065
12982,122,1064
12983,123,1063
12984,122,1064
12985,121,1065
12986,120,1064
12987,119,1065
12988,118,1064
12989,119,1063
12990,118,1064
12991,119,1063
12992,120,1062
12993,121,1063
12994,122,1062
12995,123,1063
12996,124,1062
12997,123,1061
12998,124,1062
12999,125,1063
13000,124,1064
13001,123,1065
13002,122,1064
13003,123,1063
13004,122,1064
13005,123,1063
13006,124,1062
13007,125,1063
13008,124,1064
13009,123,1065
13010,124,1066
13011,123,1065
13012,122,1064
13013,121,1065
13014,122,1066
13015,123,1067
13016,122,1068
13017,123,1067
13018,124,1066
13019,125,1067
13020,126,1066
13021,127,1067
13022,126,1068
13023,125,1069
13024,126,1070
13025,125,1069
13026,126,1070
13027,125,1069
13028,124,1068
13029,125,1067
13030,126,1066
13031,127,1067
13032,126,1068
13033,125,1069
13034,126,1070
13035,125,1069
13036,126,1070
13037,127,1071
13038,128,1070
13039,129,1071
13040,128,1072
13041,127,1073
13042,128,1074
13043,127,1073
13044,126,1072
13045,127,1071
13046,128,1070
13047,129,1071
13048,130,1070
13049,131,1071
13050,130,1072
13051,129,1073
13052,130,1074
13053,129,1073
13054,130,1074
13055,131,1075
13056,130,1076
13057,129,1077
13058,128,1076
13059,129,1075
13060,130,1074
13061,129,1073
13062,130,1074
13063,129,1073
13064,130,1074
13065,131,1075
13066,130,1076
13067,129,1077
13068,128,1076
13069,127,1077
13070,126,1076
13071,127,1075
13072,126,1076
13073,125,1077
13074,124,1076
13075,125,1075
13076,126,1074
13077,125,1073
13078,126,1074
13079,127,1075
13080,128,1074
13081,127,1073
13082,128,1074
13083,129,1075
13084,128,1076
13085,127,1077
13086,126,1076
13087,127,1075
13088,126,1076
13089,125,1077
13090,124,1076
13091,123,1077
13092,122,1076
13093,123,1075
13094,122,1076
13095,123,1075
13096,124,1074
13097,125,1075
13098,126,1074
13099,127,1075
13100,128,1074
13101,127,1073
13102,128,1074
13103,129,1075
13104,128,1076
13105,127,1077
13106,126,1076
13107,127,1075
13108,126,1076
13109,127,1075
13110,128,1074
13111,129,1075
13112,128,1076
13113,127,1077
13114,128,1078
13115,127,1077
13116,126,1076
13117,125,1077
13118,126,1078
13119,127,1079
13120,126,1080
13121,127,1079
13122,128,1078
13123,129,1079
13124,130,1078
13125,131,1079
13126,130,1080
13127,129,1081
13128,130,1082
13129,129,1081
13130,130,1082
13131,129,1081
13132,128,1080
13133,129,1079
13134,130,1078
13135,131,1079
13136,130,1080
13137,129,1081
13138,130,1082
13139,129,1081
13140,130,1082
13141,131,1083
13142,132,1082
13143,133,1083
13144,132,1084
13145,131,1085
13146,132,1086
13147,131,1085
13148,130,1084
13149,131,1083
13150,132,1082
13151,133,1083
13152,134,1082
13153,135,1083
13154,134,1084
13155,133,1085
13156,134,1086
13157,133,1085
13158,134,1086
13159,135,1087
13160,134,1088
13161,133,1089
13162,132,1088
13163,133,1087
13164,134,1086
13165,133,1085
13166,134,1086
13167,133,1085
13168,134,1086
13169,135,1087
13170,134,1088
13171,133,1089
13172,132,1088
13173,131,1089
13174,130,1088
13175,131,1087
13176,130,1088
13177,129,1089
13178,128,1088
13179,129,1087
13180,130,1086
13181,129,1085
13182,130,1086
13183,131,1087
13184,132,1086
13185,131,1085
13186,132,1086
13187,133,1087
13188,132,1088
13189,131,1089
13190,130,1088
13191,131,1087
13192,130,1088
13193,129,1089
13194,128,1088
13195,127,1089
13196,126,1088
13197,127,1087
13198,126,1088
13199,127,1087
13200,128,1086
13201,129,1087
13202,130,1086
13203,131,1087
13204,132,1086
13205,131,1085
13206,132,1086
13207,133,1087
13208,132,1088
13209,131,1089
13210,130,1088
13211,131,1087
13212,130,1088
13213,131,1087
13214,132,1086
13215,133,1087
13216,132,1088
13217,131,1089
13218,132,1090
